timestamp,temp,humid,radn,wind_from,wind,rain,battery
2024-12-01 00:00:00,5.93,82.73,0.0,200,0.075,0,12.89
2024-12-01 00:01:00,5.95,82.79,0.0,200,0.09,0,12.89
2024-12-01 00:02:00,5.97,82.94,0.0,200,0.18,0,12.89
2024-12-01 00:03:00,5.95,82.96,0.0,200,0.045,0,12.89
2024-12-01 00:04:00,5.94,82.97,0.0,200,0.015,0,12.89
2024-12-01 00:05:00,5.95,83.01,0.0,200,0.105,0,12.89
2024-12-01 00:06:00,5.95,82.96,0.0,200,0.0,0,12.89
2024-12-01 00:07:00,5.95,83.04,0.0,200,0.12,0,12.89
2024-12-01 00:08:00,5.97,83.04,0.0,200,0.03,0,12.89
2024-12-01 00:09:00,5.98,83.16,0.0,200,0.18,0,12.89
2024-12-01 00:10:00,5.95,83.24,0.0,200,0.135,0,12.89
2024-12-01 00:11:00,5.95,83.34,0.0,200,0.12,0,12.89
2024-12-01 00:12:00,5.93,83.38,0.0,200,0.135,0,12.89
2024-12-01 00:13:00,5.91,83.47,0.0,200,0.0,0,12.89
2024-12-01 00:14:00,5.9,83.49,0.0,200,0.0,0,12.89
2024-12-01 00:15:00,5.91,83.55,0.0,200,0.0,0,12.89
2024-12-01 00:16:00,5.9,83.52,0.0,200,0.0,0,12.89
2024-12-01 00:17:00,5.88,83.59,0.0,200,0.0,0,12.89
2024-12-01 00:18:00,5.9,83.66,0.0,200,0.0,0,12.89
2024-12-01 00:19:00,5.9,83.73,0.0,200,0.0,0,12.89
2024-12-01 00:20:00,5.93,83.67,0.0,200,0.0,0,12.89
2024-12-01 00:21:00,5.88,83.71,0.0,200,0.0,0,12.89
2024-12-01 00:22:00,5.84,83.79,0.0,200,0.0,0,12.89
2024-12-01 00:23:00,5.83,83.78,0.0,200,0.0,0,12.89
2024-12-01 00:24:00,5.81,83.77,0.0,200,0.0,0,12.89
2024-12-01 00:25:00,5.83,83.78,0.0,200,0.0,0,12.89
2024-12-01 00:26:00,5.85,83.82,0.0,200,0.015,0,12.89
2024-12-01 00:27:00,5.81,83.88,0.0,200,0.03,0,12.89
2024-12-01 00:28:00,5.79,83.9,0.0,200,0.045,0,12.89
2024-12-01 00:29:00,5.75,83.99,0.0,200,0.06,0,12.89
2024-12-01 00:30:00,5.68,84.05,0.0,200,0.0,0,12.89
2024-12-01 00:31:00,5.67,84.16,0.0,200,0.03,0,12.89
2024-12-01 00:32:00,5.68,84.28,0.0,200,0.165,0,12.89
2024-12-01 00:33:00,5.67,84.25,0.0,200,0.09,0,12.89
2024-12-01 00:34:00,5.7,84.28,0.0,165,0.165,0,12.89
2024-12-01 00:35:00,5.71,84.25,0.0,168,0.15,0,12.89
2024-12-01 00:36:00,5.74,84.26,0.0,168,0.105,0,12.89
2024-12-01 00:37:00,5.74,84.17,0.0,169,0.03,0,12.89
2024-12-01 00:38:00,5.71,84.1,0.0,169,0.0,0,12.89
2024-12-01 00:39:00,5.7,84.12,0.0,169,0.0,0,12.89
2024-12-01 00:40:00,5.66,84.2,0.0,169,0.045,0,12.89
2024-12-01 00:41:00,5.61,84.31,0.0,169,0.0,0,12.89
2024-12-01 00:42:00,5.58,84.47,0.0,169,0.0,0,12.89
2024-12-01 00:43:00,5.58,84.72,0.0,169,0.09,0,12.89
2024-12-01 00:44:00,5.56,84.9,0.0,165,0.18,0,12.89
2024-12-01 00:45:00,5.6,84.96,0.0,165,0.06,0,12.89
2024-12-01 00:46:00,5.6,84.91,0.0,165,0.015,0,12.89
2024-12-01 00:47:00,5.58,84.87,0.0,165,0.06,0,12.89
2024-12-01 00:48:00,5.64,84.9,0.0,183,0.24,0,12.89
2024-12-01 00:49:00,5.63,84.83,0.0,182,0.03,0,12.89
2024-12-01 00:50:00,5.58,84.76,0.0,182,0.06,0,12.89
2024-12-01 00:51:00,5.61,84.83,0.0,182,0.15,0,12.89
2024-12-01 00:52:00,5.58,84.9,0.0,182,0.09,0,12.89
2024-12-01 00:53:00,5.57,84.95,0.0,182,0.06,0,12.89
2024-12-01 00:54:00,5.56,84.96,0.0,182,0.06,0,12.89
2024-12-01 00:55:00,5.56,84.95,0.0,182,0.165,0,12.89
2024-12-01 00:56:00,5.57,85.03,0.0,182,0.0,0,12.89
2024-12-01 00:57:00,5.57,85.04,0.0,182,0.06,0,12.89
2024-12-01 00:58:00,5.58,85.03,0.0,182,0.03,0,12.89
2024-12-01 00:59:00,5.56,85.01,0.0,182,0.135,0,12.89
2024-12-01 01:00:00,5.56,85.09,0.0,182,0.195,0,12.89
2024-12-01 01:01:00,5.57,85.13,0.0,182,0.24,0,12.89
2024-12-01 01:02:00,5.56,85.26,0.0,182,0.255,0,12.89
2024-12-01 01:03:00,5.56,85.37,0.0,177,0.255,0,12.89
2024-12-01 01:04:00,5.56,85.38,0.0,177,0.225,0,12.89
2024-12-01 01:05:00,5.56,85.33,0.0,177,0.09,0,12.89
2024-12-01 01:06:00,5.6,85.34,0.0,177,0.18,0,12.89
2024-12-01 01:07:00,5.61,85.31,0.0,177,0.18,0,12.89
2024-12-01 01:08:00,5.64,85.25,0.0,177,0.06,0,12.89
2024-12-01 01:09:00,5.63,85.14,0.0,177,0.15,0,12.89
2024-12-01 01:10:00,5.66,85.04,0.0,177,0.03,0,12.89
2024-12-01 01:11:00,5.67,84.9,0.0,177,0.0,0,12.89
2024-12-01 01:12:00,5.64,84.81,0.0,177,0.075,0,12.89
2024-12-01 01:13:00,5.64,84.75,0.0,177,0.135,0,12.89
2024-12-01 01:14:00,5.64,84.64,0.0,190,0.165,0,12.89
2024-12-01 01:15:00,5.64,84.57,0.0,190,0.09,0,12.89
2024-12-01 01:16:00,5.61,84.54,0.0,190,0.06,0,12.89
2024-12-01 01:17:00,5.61,84.51,0.0,190,0.03,0,12.89
2024-12-01 01:18:00,5.61,84.46,0.0,190,0.165,0,12.89
2024-12-01 01:19:00,5.58,84.41,0.0,188,0.135,0,12.89
2024-12-01 01:20:00,5.63,84.39,0.0,188,0.045,0,12.89
2024-12-01 01:21:00,5.58,84.35,0.0,188,0.015,0,12.89
2024-12-01 01:22:00,5.57,84.38,0.0,191,0.165,0,12.89
2024-12-01 01:23:00,5.61,84.39,0.0,191,0.09,0,12.89
2024-12-01 01:24:00,5.6,84.4,0.0,186,0.135,0,12.89
2024-12-01 01:25:00,5.61,84.4,0.0,186,0.015,0,12.89
2024-12-01 01:26:00,5.6,84.49,0.0,186,0.09,0,12.89
2024-12-01 01:27:00,5.58,84.56,0.0,186,0.225,0,12.89
2024-12-01 01:28:00,5.63,84.51,0.0,186,0.135,0,12.89
2024-12-01 01:29:00,5.57,84.5,0.0,186,0.135,0,12.89
2024-12-01 01:30:00,5.57,84.51,0.0,186,0.165,0,12.89
2024-12-01 01:31:00,5.57,84.51,0.0,186,0.21,0,12.89
2024-12-01 01:32:00,5.6,84.45,0.0,186,0.0,0,12.89
2024-12-01 01:33:00,5.56,84.43,0.0,186,0.03,0,12.89
2024-12-01 01:34:00,5.54,84.47,0.0,186,0.03,0,12.89
2024-12-01 01:35:00,5.56,84.41,0.0,186,0.0,0,12.89
2024-12-01 01:36:00,5.58,84.31,0.0,186,0.0,0,12.89
2024-12-01 01:37:00,5.57,84.29,0.0,186,0.0,0,12.89
2024-12-01 01:38:00,5.54,84.32,0.0,186,0.0,0,12.89
2024-12-01 01:39:00,5.51,84.42,0.0,186,0.0,0,12.89
2024-12-01 01:40:00,5.49,84.44,0.0,186,0.0,0,12.89
2024-12-01 01:41:00,5.45,84.54,0.0,186,0.015,0,12.89
2024-12-01 01:42:00,5.42,84.62,0.0,186,0.0,0,12.89
2024-12-01 01:43:00,5.45,84.74,0.0,186,0.105,0,12.89
2024-12-01 01:44:00,5.43,84.95,0.0,186,0.075,0,12.89
2024-12-01 01:45:00,5.45,85.0,0.0,186,0.045,0,12.89
2024-12-01 01:46:00,5.45,85.0,0.0,186,0.0,0,12.89
2024-12-01 01:47:00,5.43,85.09,0.0,186,0.075,0,12.89
2024-12-01 01:48:00,5.45,85.1,0.0,186,0.045,0,12.89
2024-12-01 01:49:00,5.46,85.14,0.0,186,0.18,0,12.89
2024-12-01 01:50:00,5.45,85.14,0.0,186,0.12,0,12.89
2024-12-01 01:51:00,5.49,85.15,0.0,186,0.03,0,12.89
2024-12-01 01:52:00,5.47,85.16,0.0,186,0.15,0,12.89
2024-12-01 01:53:00,5.49,85.07,0.0,186,0.075,0,12.89
2024-12-01 01:54:00,5.47,85.01,0.0,186,0.0,0,12.89
2024-12-01 01:55:00,5.47,85.02,0.0,186,0.015,0,12.89
2024-12-01 01:56:00,5.46,85.04,0.0,186,0.0,0,12.89
2024-12-01 01:57:00,5.46,85.02,0.0,184,0.075,0,12.89
2024-12-01 01:58:00,5.46,85.15,0.0,174,0.33,0,12.89
2024-12-01 01:59:00,5.49,85.17,0.0,177,0.195,0,12.89
2024-12-01 02:00:00,5.51,85.17,0.0,175,0.12,0,12.89
2024-12-01 02:01:00,5.56,85.09,0.0,171,0.18,0,12.89
2024-12-01 02:02:00,5.57,84.93,0.0,171,0.06,0,12.89
2024-12-01 02:03:00,5.58,84.85,0.0,171,0.12,0,12.89
2024-12-01 02:04:00,5.58,84.72,0.0,171,0.06,0,12.89
2024-12-01 02:05:00,5.57,84.61,0.0,171,0.105,0,12.89
2024-12-01 02:06:00,5.56,84.47,0.0,171,0.03,0,12.89
2024-12-01 02:07:00,5.53,84.42,0.0,172,0.06,0,12.89
2024-12-01 02:08:00,5.51,84.44,0.0,172,0.0,0,12.89
2024-12-01 02:09:00,5.51,84.58,0.0,172,0.015,0,12.89
2024-12-01 02:10:00,5.47,84.59,0.0,172,0.0,0,12.89
2024-12-01 02:11:00,5.47,84.66,0.0,172,0.0,0,12.89
2024-12-01 02:12:00,5.46,84.7,0.0,172,0.015,0,12.89
2024-12-01 02:13:00,5.42,84.69,0.0,172,0.0,0,12.89
2024-12-01 02:14:00,5.42,84.73,0.0,172,0.0,0,12.89
2024-12-01 02:15:00,5.4,84.89,0.0,172,0.015,0,12.89
2024-12-01 02:16:00,5.39,84.94,0.0,172,0.0,0,12.89
2024-12-01 02:17:00,5.37,85.02,0.0,172,0.09,0,12.89
2024-12-01 02:18:00,5.35,85.06,0.0,172,0.06,0,12.89
2024-12-01 02:19:00,5.35,85.07,0.0,172,0.0,0,12.89
2024-12-01 02:20:00,5.33,85.06,0.0,172,0.0,0,12.89
2024-12-01 02:21:00,5.29,85.05,0.0,172,0.0,0,12.89
2024-12-01 02:22:00,5.25,85.12,0.0,172,0.0,0,12.89
2024-12-01 02:23:00,5.25,85.33,0.0,172,0.0,0,12.89
2024-12-01 02:24:00,5.23,85.44,0.0,172,0.0,0,12.89
2024-12-01 02:25:00,5.23,85.67,0.0,195,0.12,0,12.89
2024-12-01 02:26:00,5.27,85.61,0.0,197,0.12,0,12.89
2024-12-01 02:27:00,5.3,85.53,0.0,242,0.27,0,12.89
2024-12-01 02:28:00,5.35,85.37,0.0,242,0.03,0,12.89
2024-12-01 02:29:00,5.37,85.29,0.0,251,0.09,0,12.89
2024-12-01 02:30:00,5.37,85.17,0.0,251,0.0,0,12.89
2024-12-01 02:31:00,5.39,85.02,0.0,251,0.0,0,12.89
2024-12-01 02:32:00,5.37,85.05,0.0,251,0.0,0,12.89
2024-12-01 02:33:00,5.35,85.02,0.0,251,0.0,0,12.89
2024-12-01 02:34:00,5.33,85.03,0.0,251,0.0,0,12.89
2024-12-01 02:35:00,5.29,84.9,0.0,251,0.0,0,12.89
2024-12-01 02:36:00,5.25,84.92,0.0,251,0.0,0,12.89
2024-12-01 02:37:00,5.22,85.11,0.0,251,0.0,0,12.89
2024-12-01 02:38:00,5.18,85.29,0.0,251,0.0,0,12.89
2024-12-01 02:39:00,5.16,85.44,0.0,251,0.0,0,12.89
2024-12-01 02:40:00,5.09,85.55,0.0,251,0.0,0,12.89
2024-12-01 02:41:00,5.12,85.61,0.0,251,0.0,0,12.89
2024-12-01 02:42:00,5.08,85.75,0.0,251,0.0,0,12.89
2024-12-01 02:43:00,5.05,85.83,0.0,251,0.0,0,12.89
2024-12-01 02:44:00,5.06,85.93,0.0,251,0.0,0,12.89
2024-12-01 02:45:00,5.06,86.14,0.0,251,0.015,0,12.89
2024-12-01 02:46:00,5.08,86.23,0.0,251,0.045,0,12.89
2024-12-01 02:47:00,5.09,86.31,0.0,251,0.0,0,12.89
2024-12-01 02:48:00,5.12,86.47,0.0,251,0.15,0,12.89
2024-12-01 02:49:00,5.15,86.46,0.0,251,0.03,0,12.89
2024-12-01 02:50:00,5.19,86.36,0.0,251,0.015,0,12.89
2024-12-01 02:51:00,5.18,86.22,0.0,251,0.0,0,12.89
2024-12-01 02:52:00,5.2,86.13,0.0,251,0.045,0,12.89
2024-12-01 02:53:00,5.19,85.98,0.0,251,0.015,0,12.89
2024-12-01 02:54:00,5.22,85.94,0.0,251,0.03,0,12.89
2024-12-01 02:55:00,5.22,85.84,0.0,251,0.03,0,12.89
2024-12-01 02:56:00,5.23,85.77,0.0,251,0.015,0,12.89
2024-12-01 02:57:00,5.23,85.76,0.0,251,0.0,0,12.89
2024-12-01 02:58:00,5.23,85.66,0.0,251,0.0,0,12.89
2024-12-01 02:59:00,5.25,85.65,0.0,251,0.015,0,12.89
2024-12-01 03:00:00,5.26,85.62,0.0,251,0.0,0,12.89
2024-12-01 03:01:00,5.25,85.58,0.0,251,0.0,0,12.89
2024-12-01 03:02:00,5.25,85.57,0.0,251,0.0,0,12.89
2024-12-01 03:03:00,5.25,85.53,0.0,251,0.0,0,12.89
2024-12-01 03:04:00,5.23,85.51,0.0,251,0.0,0,12.89
2024-12-01 03:05:00,5.23,85.47,0.0,251,0.0,0,12.89
2024-12-01 03:06:00,5.22,85.45,0.0,251,0.0,0,12.89
2024-12-01 03:07:00,5.23,85.47,0.0,251,0.0,0,12.89
2024-12-01 03:08:00,5.2,85.51,0.0,251,0.015,0,12.89
2024-12-01 03:09:00,5.19,85.51,0.0,251,0.0,0,12.89
2024-12-01 03:10:00,5.19,85.57,0.0,251,0.0,0,12.89
2024-12-01 03:11:00,5.16,85.58,0.0,251,0.0,0,12.89
2024-12-01 03:12:00,5.18,85.62,0.0,251,0.0,0,12.89
2024-12-01 03:13:00,5.18,85.64,0.0,251,0.0,0,12.89
2024-12-01 03:14:00,5.18,85.64,0.0,251,0.0,0,12.89
2024-12-01 03:15:00,5.18,85.58,0.0,251,0.0,0,12.89
2024-12-01 03:16:00,5.16,85.65,0.0,251,0.0,0,12.89
2024-12-01 03:17:00,5.14,85.64,0.0,251,0.0,0,12.89
2024-12-01 03:18:00,5.11,85.64,0.0,251,0.0,0,12.89
2024-12-01 03:19:00,5.08,85.68,0.0,251,0.0,0,12.89
2024-12-01 03:20:00,5.05,85.79,0.0,251,0.0,0,12.89
2024-12-01 03:21:00,5.05,85.95,0.0,251,0.0,0,12.89
2024-12-01 03:22:00,5.06,86.03,0.0,251,0.0,0,12.89
2024-12-01 03:23:00,5.05,86.17,0.0,251,0.0,0,12.89
2024-12-01 03:24:00,5.05,86.2,0.0,251,0.0,0,12.89
2024-12-01 03:25:00,5.06,86.21,0.0,251,0.0,0,12.89
2024-12-01 03:26:00,5.06,86.25,0.0,251,0.0,0,12.89
2024-12-01 03:27:00,5.06,86.34,0.0,251,0.03,0,12.89
2024-12-01 03:28:00,5.08,86.33,0.0,187,0.06,0,12.89
2024-12-01 03:29:00,5.08,86.29,0.0,187,0.015,0,12.89
2024-12-01 03:30:00,5.06,86.21,0.0,187,0.0,0,12.89
2024-12-01 03:31:00,5.08,86.22,0.0,187,0.0,0,12.89
2024-12-01 03:32:00,5.09,86.19,0.0,187,0.015,0,12.89
2024-12-01 03:33:00,5.05,86.12,0.0,187,0.0,0,12.89
2024-12-01 03:34:00,5.04,86.2,0.0,187,0.0,0,12.89
2024-12-01 03:35:00,5.04,86.19,0.0,187,0.0,0,12.89
2024-12-01 03:36:00,5.02,86.18,0.0,187,0.015,0,12.89
2024-12-01 03:37:00,5.0,86.18,0.0,187,0.0,0,12.89
2024-12-01 03:38:00,5.04,86.23,0.0,187,0.0,0,12.89
2024-12-01 03:39:00,5.0,86.3,0.0,187,0.06,0,12.89
2024-12-01 03:40:00,4.99,86.3,0.0,187,0.075,0,12.89
2024-12-01 03:41:00,4.98,86.27,0.0,187,0.0,0,12.89
2024-12-01 03:42:00,4.96,86.27,0.0,187,0.0,0,12.89
2024-12-01 03:43:00,4.94,86.23,0.0,187,0.0,0,12.89
2024-12-01 03:44:00,4.94,86.21,0.0,187,0.0,0,12.89
2024-12-01 03:45:00,4.92,86.19,0.0,187,0.0,0,12.89
2024-12-01 03:46:00,4.91,86.34,0.0,187,0.0,0,12.89
2024-12-01 03:47:00,4.95,86.47,0.0,187,0.03,0,12.89
2024-12-01 03:48:00,4.92,86.51,0.0,195,0.075,0,12.89
2024-12-01 03:49:00,4.96,86.52,0.0,195,0.015,0,12.89
2024-12-01 03:50:00,4.96,86.39,0.0,195,0.0,0,12.89
2024-12-01 03:51:00,4.96,86.25,0.0,195,0.0,0,12.89
2024-12-01 03:52:00,4.98,86.29,0.0,197,0.165,0,12.89
2024-12-01 03:53:00,4.99,86.27,0.0,207,0.105,0,12.89
2024-12-01 03:54:00,5.05,86.23,0.0,219,0.18,0,12.89
2024-12-01 03:55:00,5.05,86.05,0.0,219,0.03,0,12.89
2024-12-01 03:56:00,5.08,85.92,0.0,219,0.0,0,12.89
2024-12-01 03:57:00,5.09,85.83,0.0,219,0.015,0,12.89
2024-12-01 03:58:00,5.14,85.69,0.0,219,0.0,0,12.89
2024-12-01 03:59:00,5.15,85.52,0.0,219,0.0,0,12.89
2024-12-01 04:00:00,5.18,85.46,0.0,219,0.0,0,12.89
2024-12-01 04:01:00,5.16,85.39,0.0,219,0.0,0,12.89
2024-12-01 04:02:00,5.16,85.34,0.0,219,0.03,0,12.89
2024-12-01 04:03:00,5.16,85.33,0.0,219,0.015,0,12.89
2024-12-01 04:04:00,5.16,85.26,0.0,219,0.0,0,12.89
2024-12-01 04:05:00,5.16,85.32,0.0,219,0.135,0,12.89
2024-12-01 04:06:00,5.15,85.37,0.0,219,0.045,0,12.89
2024-12-01 04:07:00,5.12,85.37,0.0,219,0.0,0,12.89
2024-12-01 04:08:00,5.11,85.38,0.0,219,0.0,0,12.89
2024-12-01 04:09:00,5.12,85.43,0.0,219,0.0,0,12.89
2024-12-01 04:10:00,5.05,85.49,0.0,219,0.0,0,12.89
2024-12-01 04:11:00,5.04,85.55,0.0,219,0.0,0,12.89
2024-12-01 04:12:00,4.99,85.62,0.0,219,0.015,0,12.89
2024-12-01 04:13:00,5.02,85.84,0.0,206,0.105,0,12.89
2024-12-01 04:14:00,5.05,86.02,0.0,204,0.225,0,12.89
2024-12-01 04:15:00,5.05,85.99,0.0,204,0.15,0,12.89
2024-12-01 04:16:00,5.05,85.99,0.0,204,0.09,0,12.89
2024-12-01 04:17:00,5.02,85.97,0.0,204,0.105,0,12.89
2024-12-01 04:18:00,5.04,85.95,0.0,204,0.06,0,12.89
2024-12-01 04:19:00,5.02,85.98,0.0,204,0.03,0,12.89
2024-12-01 04:20:00,5.0,85.96,0.0,204,0.015,0,12.89
2024-12-01 04:21:00,4.98,85.95,0.0,204,0.0,0,12.89
2024-12-01 04:22:00,4.96,86.06,0.0,204,0.0,0,12.89
2024-12-01 04:23:00,4.95,86.16,0.0,204,0.0,0,12.89
2024-12-01 04:24:00,4.94,86.16,0.0,204,0.06,0,12.89
2024-12-01 04:25:00,4.91,86.15,0.0,204,0.135,0,12.89
2024-12-01 04:26:00,4.92,86.22,0.0,204,0.105,0,12.89
2024-12-01 04:27:00,4.92,86.24,0.0,204,0.06,0,12.89
2024-12-01 04:28:00,4.92,86.21,0.0,204,0.0,0,12.89
2024-12-01 04:29:00,4.89,86.23,0.0,204,0.0,0,12.89
2024-12-01 04:30:00,4.86,86.23,0.0,204,0.0,0,12.89
2024-12-01 04:31:00,4.85,86.27,0.0,204,0.0,0,12.89
2024-12-01 04:32:00,4.79,86.34,0.0,204,0.0,0,12.89
2024-12-01 04:33:00,4.82,86.49,0.0,204,0.0,0,12.89
2024-12-01 04:34:00,4.81,86.62,0.0,204,0.0,0,12.89
2024-12-01 04:35:00,4.75,86.64,0.0,204,0.0,0,12.89
2024-12-01 04:36:00,4.79,86.7,0.0,204,0.0,0,12.89
2024-12-01 04:37:00,4.75,86.79,0.0,204,0.0,0,12.89
2024-12-01 04:38:00,4.75,86.82,0.0,204,0.0,0,12.89
2024-12-01 04:39:00,4.78,86.83,0.0,204,0.0,0,12.89
2024-12-01 04:40:00,4.78,86.89,0.0,204,0.0,0,12.89
2024-12-01 04:41:00,4.78,87.05,0.0,204,0.0,0,12.89
2024-12-01 04:42:00,4.79,87.06,0.0,204,0.0,0,12.89
2024-12-01 04:43:00,4.79,86.96,0.0,204,0.0,0,12.89
2024-12-01 04:44:00,4.79,86.94,0.0,204,0.0,0,12.89
2024-12-01 04:45:00,4.79,87.06,0.0,204,0.075,0,12.89
2024-12-01 04:46:00,4.85,87.12,0.0,204,0.06,0,12.89
2024-12-01 04:47:00,4.88,87.05,0.0,204,0.0,0,12.89
2024-12-01 04:48:00,4.89,86.92,0.0,204,0.0,0,12.89
2024-12-01 04:49:00,4.88,86.76,0.0,204,0.0,0,12.89
2024-12-01 04:50:00,4.91,86.69,0.0,204,0.0,0,12.89
2024-12-01 04:51:00,4.92,86.55,0.0,204,0.0,0,12.89
2024-12-01 04:52:00,4.91,86.47,0.0,204,0.0,0,12.89
2024-12-01 04:53:00,4.91,86.4,0.0,204,0.0,0,12.89
2024-12-01 04:54:00,4.91,86.34,0.0,204,0.0,0,12.89
2024-12-01 04:55:00,4.89,86.37,0.0,204,0.0,0,12.89
2024-12-01 04:56:00,4.86,86.45,0.0,204,0.0,0,12.89
2024-12-01 04:57:00,4.92,86.59,0.0,204,0.0,0,12.89
2024-12-01 04:58:00,4.94,86.6,0.0,204,0.0,0,12.89
2024-12-01 04:59:00,4.96,86.57,0.0,204,0.0,0,12.89
2024-12-01 05:00:00,4.98,86.46,0.0,204,0.0,0,12.89
2024-12-01 05:01:00,5.02,86.41,0.0,204,0.105,0,12.89
2024-12-01 05:02:00,5.05,86.28,0.0,204,0.06,0,12.89
2024-12-01 05:03:00,5.06,86.18,0.0,204,0.045,0,12.89
2024-12-01 05:04:00,5.08,85.99,0.0,204,0.015,0,12.89
2024-12-01 05:05:00,5.08,85.85,0.0,204,0.0,0,12.89
2024-12-01 05:06:00,5.09,85.74,0.0,204,0.015,0,12.89
2024-12-01 05:07:00,5.05,85.73,0.0,204,0.0,0,12.89
2024-12-01 05:08:00,5.08,85.72,0.0,204,0.0,0,12.89
2024-12-01 05:09:00,5.08,85.73,0.0,204,0.015,0,12.89
2024-12-01 05:10:00,5.06,85.76,0.0,204,0.06,0,12.89
2024-12-01 05:11:00,5.12,85.84,0.0,204,0.045,0,12.89
2024-12-01 05:12:00,5.11,85.73,0.0,204,0.015,0,12.89
2024-12-01 05:13:00,5.12,85.63,0.0,204,0.0,0,12.89
2024-12-01 05:14:00,5.14,85.61,0.0,204,0.015,0,12.89
2024-12-01 05:15:00,5.12,85.59,0.0,204,0.0,0,12.89
2024-12-01 05:16:00,5.11,85.6,0.0,204,0.0,0,12.89
2024-12-01 05:17:00,5.14,85.57,0.0,204,0.0,0,12.89
2024-12-01 05:18:00,5.14,85.52,0.0,204,0.0,0,12.89
2024-12-01 05:19:00,5.12,85.61,0.0,204,0.0,0,12.89
2024-12-01 05:20:00,5.12,85.47,0.0,204,0.0,0,12.89
2024-12-01 05:21:00,5.12,85.45,0.0,204,0.0,0,12.89
2024-12-01 05:22:00,5.09,85.45,0.0,204,0.0,0,12.89
2024-12-01 05:23:00,5.11,85.6,0.0,204,0.0,0,12.89
2024-12-01 05:24:00,5.08,85.61,0.0,204,0.0,0,12.89
2024-12-01 05:25:00,5.06,85.57,0.0,204,0.0,0,12.89
2024-12-01 05:26:00,5.09,85.58,0.0,204,0.0,0,12.89
2024-12-01 05:27:00,5.08,85.64,0.0,204,0.015,0,12.89
2024-12-01 05:28:00,5.09,85.69,0.0,204,0.0,0,12.89
2024-12-01 05:29:00,5.05,85.68,0.0,204,0.0,0,12.89
2024-12-01 05:30:00,5.06,85.76,0.0,204,0.0,0,12.89
2024-12-01 05:31:00,5.06,85.7,0.0,204,0.0,0,12.89
2024-12-01 05:32:00,5.06,85.75,0.0,204,0.015,0,12.89
2024-12-01 05:33:00,5.08,85.78,0.0,204,0.09,0,12.89
2024-12-01 05:34:00,5.08,85.72,0.0,204,0.03,0,12.89
2024-12-01 05:35:00,5.11,85.72,0.0,204,0.0,0,12.89
2024-12-01 05:36:00,5.12,85.71,0.0,204,0.0,0,12.89
2024-12-01 05:37:00,5.08,85.76,0.0,204,0.0,0,12.89
2024-12-01 05:38:00,5.08,85.73,0.0,204,0.0,0,12.89
2024-12-01 05:39:00,5.05,85.74,0.0,204,0.0,0,12.89
2024-12-01 05:40:00,5.08,85.75,0.0,204,0.0,0,12.89
2024-12-01 05:41:00,5.08,85.75,0.0,204,0.0,0,12.89
2024-12-01 05:42:00,5.08,85.78,0.0,204,0.0,0,12.89
2024-12-01 05:43:00,5.09,85.75,0.0,204,0.0,0,12.89
2024-12-01 05:44:00,5.06,85.76,0.0,204,0.0,0,12.89
2024-12-01 05:45:00,5.06,85.78,0.0,204,0.0,0,12.89
2024-12-01 05:46:00,5.05,85.72,0.0,204,0.03,0,12.89
2024-12-01 05:47:00,5.08,85.65,0.0,204,0.0,0,12.89
2024-12-01 05:48:00,5.09,85.65,0.0,204,0.0,0,12.89
2024-12-01 05:49:00,5.08,85.6,0.0,204,0.0,0,12.89
2024-12-01 05:50:00,5.09,85.61,0.0,204,0.0,0,12.89
2024-12-01 05:51:00,5.09,85.58,0.0,204,0.0,0,12.89
2024-12-01 05:52:00,5.11,85.55,0.0,204,0.0,0,12.89
2024-12-01 05:53:00,5.11,85.54,0.0,204,0.0,0,12.89
2024-12-01 05:54:00,5.08,85.5,0.0,204,0.0,0,12.89
2024-12-01 05:55:00,5.08,85.49,0.0,204,0.0,0,12.89
2024-12-01 05:56:00,5.05,85.55,0.0,204,0.0,0,12.89
2024-12-01 05:57:00,5.09,85.53,0.0,204,0.0,0,12.89
2024-12-01 05:58:00,5.12,85.55,0.0,204,0.0,0,12.89
2024-12-01 05:59:00,5.11,85.46,0.0,204,0.015,0,12.89
2024-12-01 06:00:00,5.12,85.47,0.0,204,0.12,0,12.89
2024-12-01 06:01:00,5.14,85.44,0.0,204,0.03,0,12.89
2024-12-01 06:02:00,5.14,85.37,0.0,156,0.135,0,12.89
2024-12-01 06:03:00,5.14,85.35,0.0,156,0.0,0,12.89
2024-12-01 06:04:00,5.18,85.27,0.0,156,0.0,0,12.89
2024-12-01 06:05:00,5.19,85.18,0.0,156,0.0,0,12.89
2024-12-01 06:06:00,5.18,85.21,0.0,156,0.0,0,12.89
2024-12-01 06:07:00,5.18,85.15,0.0,163,0.015,0,12.89
2024-12-01 06:08:00,5.2,85.16,0.0,209,0.195,0,12.89
2024-12-01 06:09:00,5.19,85.05,0.0,210,0.06,0,12.89
2024-12-01 06:10:00,5.23,84.98,0.0,210,0.135,0,12.89
2024-12-01 06:11:00,5.25,84.87,0.0,210,0.0,0,12.89
2024-12-01 06:12:00,5.25,84.82,0.0,210,0.075,0,12.89
2024-12-01 06:13:00,5.26,84.76,0.0,210,0.045,0,12.89
2024-12-01 06:14:00,5.3,84.65,0.0,210,0.12,0,12.89
2024-12-01 06:15:00,5.26,84.57,0.0,210,0.015,0,12.89
2024-12-01 06:16:00,5.3,84.58,0.0,210,0.015,0,12.89
2024-12-01 06:17:00,5.27,84.63,0.0,210,0.03,0,12.89
2024-12-01 06:18:00,5.29,84.6,0.0,210,0.045,0,12.89
2024-12-01 06:19:00,5.27,84.56,0.0,210,0.0,0,12.89
2024-12-01 06:20:00,5.3,84.58,0.0,210,0.0,0,12.89
2024-12-01 06:21:00,5.29,84.57,0.0,210,0.0,0,12.89
2024-12-01 06:22:00,5.29,84.65,0.0,210,0.0,0,12.89
2024-12-01 06:23:00,5.27,84.61,0.0,210,0.0,0,12.89
2024-12-01 06:24:00,5.26,84.65,0.0,210,0.015,0,12.89
2024-12-01 06:25:00,5.29,84.65,0.0,210,0.015,0,12.89
2024-12-01 06:26:00,5.3,84.68,0.0,210,0.045,0,12.89
2024-12-01 06:27:00,5.27,84.69,0.0,210,0.03,0,12.89
2024-12-01 06:28:00,5.3,84.79,0.0,203,0.045,0,12.89
2024-12-01 06:29:00,5.29,84.78,0.0,182,0.045,0,12.89
2024-12-01 06:30:00,5.32,84.82,0.0,182,0.045,0,12.89
2024-12-01 06:31:00,5.3,84.87,0.0,182,0.03,0,12.89
2024-12-01 06:32:00,5.29,84.87,0.0,182,0.06,0,12.89
2024-12-01 06:33:00,5.27,84.9,0.0,182,0.0,0,12.89
2024-12-01 06:34:00,5.3,84.95,0.0,182,0.0,0,12.89
2024-12-01 06:35:00,5.29,84.91,0.0,182,0.0,0,12.89
2024-12-01 06:36:00,5.3,84.93,0.0,182,0.0,0,12.89
2024-12-01 06:37:00,5.29,85.01,0.0,182,0.0,0,12.89
2024-12-01 06:38:00,5.3,85.03,0.0,182,0.0,0,12.89
2024-12-01 06:39:00,5.27,85.03,0.0,182,0.0,0,12.89
2024-12-01 06:40:00,5.23,85.08,0.0,182,0.0,0,12.89
2024-12-01 06:41:00,5.26,85.13,0.0,182,0.015,0,12.89
2024-12-01 06:42:00,5.23,85.12,0.0,182,0.0,0,12.89
2024-12-01 06:43:00,5.23,85.16,0.0,182,0.09,0,12.89
2024-12-01 06:44:00,5.23,85.13,0.0,182,0.015,0,12.89
2024-12-01 06:45:00,5.25,85.21,0.0,182,0.015,0,12.89
2024-12-01 06:46:00,5.26,85.12,0.0,182,0.0,0,12.89
2024-12-01 06:47:00,5.23,85.08,0.0,182,0.0,0,12.89
2024-12-01 06:48:00,5.2,85.06,0.0,182,0.015,0,12.89
2024-12-01 06:49:00,5.22,85.15,0.0,182,0.0,0,12.89
2024-12-01 06:50:00,5.22,85.26,0.0,182,0.0,0,12.89
2024-12-01 06:51:00,5.19,85.3,0.0,182,0.06,0,12.89
2024-12-01 06:52:00,5.2,85.35,0.0,182,0.0,0,12.89
2024-12-01 06:53:00,5.2,85.32,0.0,182,0.015,0,12.89
2024-12-01 06:54:00,5.23,85.37,0.0,182,0.015,0,12.89
2024-12-01 06:55:00,5.2,85.33,0.0,182,0.0,0,12.89
2024-12-01 06:56:00,5.18,85.35,0.0,182,0.0,0,12.89
2024-12-01 06:57:00,5.18,85.44,0.0,182,0.0,0,12.89
2024-12-01 06:58:00,5.18,85.46,0.0,182,0.0,0,12.89
2024-12-01 06:59:00,5.18,85.48,0.0,182,0.0,0,12.89
2024-12-01 07:00:00,5.16,85.54,0.0,182,0.0,0,12.89
2024-12-01 07:01:00,5.14,85.52,0.0,182,0.0,0,12.89
2024-12-01 07:02:00,5.14,85.6,0.0,182,0.0,0,12.89
2024-12-01 07:03:00,5.11,85.59,0.0,182,0.0,0,12.89
2024-12-01 07:04:00,5.11,85.63,0.0,182,0.0,0,12.89
2024-12-01 07:05:00,5.12,85.7,0.0,182,0.0,0,12.89
2024-12-01 07:06:00,5.12,85.68,0.0,182,0.0,0,12.89
2024-12-01 07:07:00,5.11,85.69,0.0,182,0.0,0,12.89
2024-12-01 07:08:00,5.12,85.71,0.0,182,0.0,0,12.89
2024-12-01 07:09:00,5.11,85.68,0.0,182,0.0,0,12.89
2024-12-01 07:10:00,5.06,85.7,0.76,182,0.0,0,12.89
2024-12-01 07:11:00,5.08,85.74,0.0,182,0.0,0,12.89
2024-12-01 07:12:00,5.06,85.68,0.76,182,0.0,0,12.89
2024-12-01 07:13:00,5.08,85.82,1.14,182,0.0,0,12.89
2024-12-01 07:14:00,5.08,85.84,1.53,182,0.0,0,12.89
2024-12-01 07:15:00,5.04,85.84,1.53,182,0.0,0,12.89
2024-12-01 07:16:00,5.06,85.88,2.29,182,0.0,0,12.89
2024-12-01 07:17:00,5.05,85.86,1.91,182,0.03,0,12.89
2024-12-01 07:18:00,5.05,85.9,2.29,182,0.045,0,12.89
2024-12-01 07:19:00,5.08,85.86,2.29,182,0.03,0,12.89
2024-12-01 07:20:00,5.09,85.78,2.67,182,0.0,0,12.89
2024-12-01 07:21:00,5.08,85.72,3.05,182,0.015,0,12.89
2024-12-01 07:22:00,5.06,85.72,3.05,182,0.075,0,12.89
2024-12-01 07:23:00,5.09,85.71,3.05,182,0.0,0,12.89
2024-12-01 07:24:00,5.12,85.72,3.81,182,0.015,0,12.89
2024-12-01 07:25:00,5.14,85.63,3.81,182,0.0,0,12.89
2024-12-01 07:26:00,5.12,85.61,4.58,182,0.105,0,12.89
2024-12-01 07:27:00,5.15,85.56,5.34,182,0.06,0,12.89
2024-12-01 07:28:00,5.19,85.58,6.1,182,0.12,0,12.89
2024-12-01 07:29:00,5.19,85.45,6.49,182,0.12,0,12.89
2024-12-01 07:30:00,5.2,85.37,7.25,182,0.12,0,12.89
2024-12-01 07:31:00,5.2,85.33,8.01,182,0.165,0,12.89
2024-12-01 07:32:00,5.19,85.35,8.77,182,0.03,0,12.89
2024-12-01 07:33:00,5.16,85.46,9.92,182,0.165,0,12.89
2024-12-01 07:34:00,5.16,85.57,10.3,182,0.105,0,12.89
2024-12-01 07:35:00,5.14,85.8,10.68,182,0.21,0,12.89
2024-12-01 07:36:00,5.15,85.9,11.44,182,0.225,0,12.89
2024-12-01 07:37:00,5.16,86.02,12.59,182,0.255,0,12.89
2024-12-01 07:38:00,5.2,86.07,13.73,182,0.24,0,12.89
2024-12-01 07:39:00,5.19,85.98,14.5,182,0.06,0,12.89
2024-12-01 07:40:00,5.18,85.94,15.64,182,0.075,0,12.89
2024-12-01 07:41:00,5.18,86.0,16.02,182,0.27,0,12.89
2024-12-01 07:42:00,5.16,85.96,16.4,182,0.24,0,12.89
2024-12-01 07:43:00,5.14,85.94,16.4,182,0.03,0,12.89
2024-12-01 07:44:00,5.19,85.83,17.55,182,0.0,0,12.89
2024-12-01 07:45:00,5.22,85.63,18.69,182,0.0,0,12.89
2024-12-01 07:46:00,5.19,85.53,19.46,182,0.015,0,12.89
2024-12-01 07:47:00,5.18,85.45,19.07,182,0.0,0,12.89
2024-12-01 07:48:00,5.18,85.43,18.31,182,0.0,0,12.89
2024-12-01 07:49:00,5.16,85.44,17.17,182,0.0,0,12.89
2024-12-01 07:50:00,5.16,85.5,16.78,182,0.0,0,12.89
2024-12-01 07:51:00,5.15,85.53,19.07,182,0.12,0,12.89
2024-12-01 07:52:00,5.15,85.58,22.51,182,0.105,0,12.89
2024-12-01 07:53:00,5.18,85.58,25.18,182,0.225,0,12.89
2024-12-01 07:54:00,5.18,85.59,26.32,182,0.135,0,12.93
2024-12-01 07:55:00,5.19,85.59,27.85,182,0.03,0,12.93
2024-12-01 07:56:00,5.23,85.58,28.99,182,0.0,0,12.93
2024-12-01 07:57:00,5.23,85.56,30.52,182,0.0,0,13.01
2024-12-01 07:58:00,5.25,85.46,29.37,182,0.0,0,13.01
2024-12-01 07:59:00,5.25,85.42,26.7,182,0.0,0,13.01
2024-12-01 08:00:00,5.26,85.32,26.7,182,0.015,0,13.04
2024-12-01 08:01:00,5.26,85.27,30.9,182,0.0,0,13.04
2024-12-01 08:02:00,5.29,85.26,34.71,182,0.0,0,13.04
2024-12-01 08:03:00,5.27,85.23,38.15,182,0.0,0,13.04
2024-12-01 08:04:00,5.29,85.27,37.77,182,0.0,0,13.08
2024-12-01 08:05:00,5.32,85.26,35.1,182,0.0,0,13.08
2024-12-01 08:06:00,5.3,85.2,31.28,182,0.0,0,13.08
2024-12-01 08:07:00,5.33,85.2,29.76,182,0.0,0,13.12
2024-12-01 08:08:00,5.32,85.15,27.08,182,0.0,0,13.12
2024-12-01 08:09:00,5.36,85.06,27.85,182,0.0,0,13.12
2024-12-01 08:10:00,5.39,85.05,30.52,182,0.015,0,13.12
2024-12-01 08:11:00,5.37,85.01,34.33,182,0.0,0,13.12
2024-12-01 08:12:00,5.39,84.92,40.05,182,0.0,0,13.16
2024-12-01 08:13:00,5.45,84.91,47.68,182,0.0,0,13.16
2024-12-01 08:14:00,5.51,84.8,55.7,182,0.03,0,13.16
2024-12-01 08:15:00,5.56,84.64,58.75,182,0.03,0,13.16
2024-12-01 08:16:00,5.6,84.5,56.08,182,0.0,0,13.16
2024-12-01 08:17:00,5.67,84.27,56.08,182,0.015,0,13.16
2024-12-01 08:18:00,5.73,84.09,62.18,182,0.0,0,13.16
2024-12-01 08:19:00,5.73,83.91,71.34,182,0.0,0,13.16
2024-12-01 08:20:00,5.81,83.74,74.01,182,0.09,0,13.16
2024-12-01 08:21:00,5.88,83.51,68.67,182,0.015,0,13.46
2024-12-01 08:22:00,5.94,83.26,62.56,182,0.0,0,13.46
2024-12-01 08:23:00,6.01,82.94,57.22,182,0.0,0,13.46
2024-12-01 08:24:00,6.07,82.71,56.84,182,0.0,0,13.16
2024-12-01 08:25:00,6.09,82.57,59.51,182,0.0,0,13.46
2024-12-01 08:26:00,6.12,82.37,62.56,182,0.015,0,13.46
2024-12-01 08:27:00,6.15,82.22,65.23,182,0.0,0,13.46
2024-12-01 08:28:00,6.21,82.08,69.43,182,0.0,0,13.46
2024-12-01 08:29:00,6.22,81.98,74.01,182,0.0,0,13.53
2024-12-01 08:30:00,6.26,81.83,78.97,182,0.0,0,13.53
2024-12-01 08:31:00,6.29,81.7,82.78,182,0.015,0,13.57
2024-12-01 08:32:00,6.32,81.54,87.36,182,0.045,0,13.64
2024-12-01 08:33:00,6.38,81.43,95.37,182,0.09,0,13.64
2024-12-01 08:34:00,6.43,81.33,104.91,182,0.09,0,13.79
2024-12-01 08:35:00,6.46,81.24,106.81,182,0.03,0,13.79
2024-12-01 08:36:00,6.52,81.11,104.52,182,0.03,0,13.79
2024-12-01 08:37:00,6.56,80.98,96.89,182,0.09,0,13.79
2024-12-01 08:38:00,6.6,80.88,89.65,182,0.165,0,13.79
2024-12-01 08:39:00,6.62,80.89,88.12,182,0.255,0,13.79
2024-12-01 08:40:00,6.65,80.97,90.41,182,0.075,0,13.79
2024-12-01 08:41:00,6.67,81.03,101.85,182,0.15,0,13.83
2024-12-01 08:42:00,6.72,81.07,110.25,182,0.105,0,14.24
2024-12-01 08:43:00,6.77,81.07,116.73,182,0.03,0,14.51
2024-12-01 08:44:00,6.83,81.04,129.7,182,0.015,0,14.51
2024-12-01 08:45:00,6.91,80.96,162.89,182,0.045,0,14.51
2024-12-01 08:46:00,7.03,80.73,165.18,182,0.015,0,14.51
2024-12-01 08:47:00,7.11,80.36,121.31,182,0.0,0,14.36
2024-12-01 08:48:00,7.18,79.94,132.75,182,0.0,0,14.51
2024-12-01 08:49:00,7.27,79.66,149.16,182,0.09,0,14.51
2024-12-01 08:50:00,7.34,79.45,141.15,182,0.06,0,14.51
2024-12-01 08:51:00,7.41,79.08,108.34,182,0.135,0,14.32
2024-12-01 08:52:00,7.42,78.85,115.97,182,0.18,0,14.32
2024-12-01 08:53:00,7.45,79.03,120.55,182,0.075,0,14.51
2024-12-01 08:54:00,7.49,79.27,157.17,182,0.0,0,14.51
2024-12-01 08:55:00,7.61,79.4,161.75,182,0.0,0,14.51
2024-12-01 08:56:00,7.69,79.08,198.37,182,0.135,0,14.51
2024-12-01 08:57:00,7.82,78.79,204.09,178,0.03,0,14.51
2024-12-01 08:58:00,7.99,78.14,208.67,178,0.09,0,14.51
2024-12-01 08:59:00,8.09,77.4,205.62,185,0.195,0,14.51
2024-12-01 09:00:00,8.16,77.12,206.0,185,0.075,0,14.51
2024-12-01 09:01:00,8.23,76.72,209.43,185,0.0,0,14.51
2024-12-01 09:02:00,8.34,76.16,210.57,185,0.12,0,14.51
2024-12-01 09:03:00,8.45,75.66,210.57,178,0.15,0,14.51
2024-12-01 09:04:00,8.62,75.2,204.47,209,0.06,0,14.51
2024-12-01 09:05:00,8.68,74.8,207.9,246,0.135,0,14.51
2024-12-01 09:06:00,8.74,74.74,211.72,235,0.0,0,14.51
2024-12-01 09:07:00,8.86,74.35,215.15,235,0.045,0,14.51
2024-12-01 09:08:00,8.93,73.64,213.63,155,0.18,0,14.51
2024-12-01 09:09:00,9.0,73.45,204.47,155,0.15,0,14.51
2024-12-01 09:10:00,9.1,73.21,79.73,155,0.045,0,14.24
2024-12-01 09:11:00,9.12,72.65,67.14,163,0.21,0,14.09
2024-12-01 09:12:00,9.06,72.67,63.32,163,0.09,0,14.09
2024-12-01 09:13:00,8.93,72.83,63.32,163,0.06,0,14.09
2024-12-01 09:14:00,8.86,73.26,66.0,163,0.045,0,14.09
2024-12-01 09:15:00,8.75,73.31,73.62,163,0.225,0,14.09
2024-12-01 09:16:00,8.67,73.68,89.27,163,0.09,0,14.09
2024-12-01 09:17:00,8.64,73.95,115.97,163,0.03,0,14.51
2024-12-01 09:18:00,8.62,74.3,165.56,163,0.15,0,14.51
2024-12-01 09:19:00,8.68,74.4,207.9,180,0.285,0,14.51
2024-12-01 09:20:00,8.76,74.45,247.96,180,0.225,0,14.51
2024-12-01 09:21:00,8.83,74.22,267.03,180,0.045,0,14.51
2024-12-01 09:22:00,8.96,74.0,255.21,180,0.06,0,14.51
2024-12-01 09:23:00,9.1,73.29,238.42,184,0.165,0,14.51
2024-12-01 09:24:00,9.13,72.75,171.66,194,0.21,0,14.51
2024-12-01 09:25:00,9.18,72.32,156.02,194,0.09,0,14.51
2024-12-01 09:26:00,9.19,72.16,131.61,194,0.0,0,14.51
2024-12-01 09:27:00,9.22,72.12,133.13,194,0.0,0,14.51
2024-12-01 09:28:00,9.16,71.99,120.93,194,0.15,0,14.36
2024-12-01 09:29:00,9.12,72.02,125.12,194,0.225,0,14.51
2024-12-01 09:30:00,9.09,72.35,145.34,194,0.09,0,14.51
2024-12-01 09:31:00,9.09,72.42,191.5,202,0.195,0,14.51
2024-12-01 09:32:00,9.15,72.48,240.71,202,0.03,0,14.51
2024-12-01 09:33:00,9.22,72.31,283.05,202,0.15,0,14.51
2024-12-01 09:34:00,9.33,71.98,293.35,201,0.06,0,14.62
2024-12-01 09:35:00,9.43,71.66,283.44,201,0.15,0,14.62
2024-12-01 09:36:00,9.53,71.42,218.59,201,0.045,0,14.51
2024-12-01 09:37:00,9.61,70.83,123.6,193,0.12,0,14.51
2024-12-01 09:38:00,9.6,70.59,97.66,150,0.405,0,14.32
2024-12-01 09:39:00,9.6,70.78,101.85,161,0.195,0,14.36
2024-12-01 09:40:00,9.55,71.03,135.04,161,0.045,0,14.51
2024-12-01 09:41:00,9.54,71.07,138.48,156,0.18,0,14.51
2024-12-01 09:42:00,9.55,70.97,133.13,134,0.255,0,14.51
2024-12-01 09:43:00,9.57,71.02,160.98,134,0.105,0,14.51
2024-12-01 09:44:00,9.58,70.97,146.87,153,0.225,0,14.51
2024-12-01 09:45:00,9.61,71.03,164.8,153,0.045,0,14.51
2024-12-01 09:46:00,9.67,71.05,214.01,153,0.03,0,14.51
2024-12-01 09:47:00,9.68,70.91,199.89,163,0.15,0,14.51
2024-12-01 09:48:00,9.7,70.97,177.77,163,0.03,0,14.51
2024-12-01 09:49:00,9.71,70.86,159.46,163,0.015,0,14.51
2024-12-01 09:50:00,9.74,70.69,147.63,163,0.03,0,14.51
2024-12-01 09:51:00,9.71,70.69,122.07,163,0.06,0,14.51
2024-12-01 09:52:00,9.68,70.72,104.91,163,0.135,0,14.43
2024-12-01 09:53:00,9.64,70.74,94.61,163,0.27,0,14.32
2024-12-01 09:54:00,9.62,70.8,92.32,163,0.18,0,14.28
2024-12-01 09:55:00,9.61,70.9,94.99,163,0.09,0,14.28
2024-12-01 09:56:00,9.58,71.08,101.09,163,0.045,0,14.32
2024-12-01 09:57:00,9.58,71.19,108.34,163,0.06,0,14.36
2024-12-01 09:58:00,9.55,71.24,112.92,163,0.075,0,14.36
2024-12-01 09:59:00,9.6,71.33,123.6,163,0.0,0,14.43
2024-12-01 10:00:00,9.58,71.29,134.66,163,0.075,0,14.51
2024-12-01 10:01:00,9.58,71.26,140.76,163,0.225,0,14.51
2024-12-01 10:02:00,9.58,71.44,147.63,163,0.015,0,14.51
2024-12-01 10:03:00,9.64,71.54,156.79,163,0.0,0,14.51
2024-12-01 10:04:00,9.7,71.47,178.53,163,0.0,0,14.51
2024-12-01 10:05:00,9.76,71.08,199.89,163,0.0,0,14.51
2024-12-01 10:06:00,9.82,71.09,209.43,163,0.045,0,14.62
2024-12-01 10:07:00,9.91,70.89,226.6,163,0.12,0,14.62
2024-12-01 10:08:00,9.97,70.72,222.78,163,0.15,0,14.62
2024-12-01 10:09:00,10.01,70.44,226.98,163,0.135,0,14.62
2024-12-01 10:10:00,10.08,70.43,235.75,164,0.075,0,14.62
2024-12-01 10:11:00,10.16,70.04,257.11,241,0.3,0,14.62
2024-12-01 10:12:00,10.23,69.94,402.46,214,0.195,0,14.66
2024-12-01 10:13:00,10.36,69.94,417.72,213,0.015,0,14.62
2024-12-01 10:14:00,10.5,69.31,398.26,214,0.18,0,14.66
2024-12-01 10:15:00,10.63,69.17,376.13,214,0.12,0,14.62
2024-12-01 10:16:00,10.74,68.52,370.79,226,0.345,0,14.62
2024-12-01 10:17:00,10.84,68.28,362.4,243,0.255,0,14.62
2024-12-01 10:18:00,10.94,67.9,272.76,233,0.255,0,14.62
2024-12-01 10:19:00,11.04,67.54,285.34,246,0.075,0,14.62
2024-12-01 10:20:00,11.06,66.97,165.56,233,0.27,0,14.51
2024-12-01 10:21:00,11.07,66.85,140.76,233,0.09,0,14.51
2024-12-01 10:22:00,11.07,66.79,125.51,213,0.15,0,14.51
2024-12-01 10:23:00,11.06,67.04,121.31,188,0.015,0,14.51
2024-12-01 10:24:00,11.02,67.01,123.6,187,0.135,0,14.51
2024-12-01 10:25:00,11.01,66.88,134.28,281,0.135,0,14.51
2024-12-01 10:26:00,10.98,67.07,134.66,268,0.225,0,14.51
2024-12-01 10:27:00,10.92,67.26,147.63,247,0.18,0,14.51
2024-12-01 10:28:00,10.94,67.39,177.39,247,0.015,0,14.51
2024-12-01 10:29:00,10.97,67.55,197.6,247,0.0,0,14.62
2024-12-01 10:30:00,11.01,67.55,201.04,247,0.0,0,14.62
2024-12-01 10:31:00,11.07,67.02,206.76,247,0.15,0,14.62
2024-12-01 10:32:00,11.07,66.98,212.86,247,0.0,0,14.62
2024-12-01 10:33:00,11.11,66.8,252.92,247,0.09,0,14.62
2024-12-01 10:34:00,11.12,66.74,258.64,247,0.255,0,14.62
2024-12-01 10:35:00,11.18,66.78,291.45,247,0.135,0,14.62
2024-12-01 10:36:00,11.2,66.73,305.56,247,0.195,0,14.62
2024-12-01 10:37:00,11.25,66.78,352.86,247,0.135,0,14.62
2024-12-01 10:38:00,11.34,66.76,358.97,252,0.03,0,14.62
2024-12-01 10:39:00,11.43,66.4,333.03,250,0.135,0,14.62
2024-12-01 10:40:00,11.52,65.83,318.91,250,0.24,0,14.62
2024-12-01 10:41:00,11.6,65.63,290.3,250,0.195,0,14.62
2024-12-01 10:42:00,11.63,65.42,254.83,223,0.255,0,14.62
2024-12-01 10:43:00,11.69,65.43,246.81,223,0.075,0,14.51
2024-12-01 10:44:00,11.7,64.86,241.09,246,0.315,0,14.51
2024-12-01 10:45:00,11.7,64.86,246.43,246,0.39,0,14.51
2024-12-01 10:46:00,11.69,65.08,256.35,246,0.21,0,14.51
2024-12-01 10:47:00,11.7,65.19,268.94,246,0.33,0,14.62
2024-12-01 10:48:00,11.73,65.56,325.78,246,0.045,0,14.62
2024-12-01 10:49:00,11.83,65.18,293.74,246,0.045,0,14.62
2024-12-01 10:50:00,11.93,64.84,276.57,242,0.15,0,14.62
2024-12-02 00:00:00,8.65,80.47,0.0,159,0.015,0,12.89
2024-12-02 00:01:00,8.65,80.47,0.0,159,0.15,0,12.89
2024-12-02 00:02:00,8.64,80.55,0.0,159,0.165,0,12.89
2024-12-02 00:03:00,8.67,80.5,0.0,159,0.135,0,12.89
2024-12-02 00:04:00,8.62,80.5,0.0,159,0.225,0,12.89
2024-12-02 00:05:00,8.64,80.45,0.0,159,0.135,0,12.89
2024-12-02 00:06:00,8.64,80.37,0.0,159,0.0,0,12.93
2024-12-02 00:07:00,8.64,80.49,0.0,159,0.075,0,12.89
2024-12-02 00:08:00,8.61,80.53,0.0,159,0.045,0,12.89
2024-12-02 00:09:00,8.59,80.57,0.0,159,0.0,0,12.89
2024-12-02 00:10:00,8.55,80.63,0.0,159,0.0,0,12.89
2024-12-02 00:11:00,8.54,80.73,0.0,159,0.135,0,12.89
2024-12-02 00:12:00,8.52,80.79,0.0,159,0.0,0,12.89
2024-12-02 00:13:00,8.54,80.84,0.0,159,0.09,0,12.89
2024-12-02 00:14:00,8.52,80.78,0.0,159,0.015,0,12.89
2024-12-02 00:15:00,8.54,80.78,0.0,159,0.0,0,12.89
2024-12-02 00:16:00,8.48,80.77,0.0,159,0.06,0,12.89
2024-12-02 00:17:00,8.49,80.78,0.0,159,0.03,0,12.89
2024-12-02 00:18:00,8.47,80.77,0.0,159,0.015,0,12.89
2024-12-02 00:19:00,8.47,80.95,0.0,159,0.045,0,12.89
2024-12-02 00:20:00,8.45,81.05,0.0,159,0.0,0,12.89
2024-12-02 00:21:00,8.43,81.14,0.0,159,0.0,0,12.89
2024-12-02 00:22:00,8.4,81.1,0.0,159,0.0,0,12.89
2024-12-02 00:23:00,8.4,81.24,0.0,159,0.0,0,12.89
2024-12-02 00:24:00,8.37,81.35,0.0,159,0.015,0,12.89
2024-12-02 00:25:00,8.41,81.4,0.0,159,0.0,0,12.89
2024-12-02 00:26:00,8.38,81.32,0.0,159,0.0,0,12.89
2024-12-02 00:27:00,8.41,81.34,0.0,159,0.015,0,12.89
2024-12-02 00:28:00,8.41,81.21,0.0,159,0.045,0,12.89
2024-12-02 00:29:00,8.41,81.23,0.0,159,0.015,0,12.89
2024-12-02 00:30:00,8.41,81.23,0.0,159,0.105,0,12.89
2024-12-02 00:31:00,8.47,81.23,0.0,159,0.105,0,12.89
2024-12-02 00:32:00,8.48,81.11,0.0,159,0.15,0,12.89
2024-12-02 00:33:00,8.52,81.01,0.0,159,0.09,0,12.89
2024-12-02 00:34:00,8.54,80.98,0.0,159,0.21,0,12.89
2024-12-02 00:35:00,8.54,80.9,0.0,182,0.285,0,12.89
2024-12-02 00:36:00,8.51,80.77,0.0,183,0.045,0,12.89
2024-12-02 00:37:00,8.51,80.76,0.0,183,0.195,0,12.89
2024-12-02 00:38:00,8.51,80.81,0.0,187,0.27,0,12.89
2024-12-02 00:39:00,8.54,80.78,0.0,184,0.105,0,12.89
2024-12-02 00:40:00,8.52,80.78,0.0,183,0.12,0,12.89
2024-12-02 00:41:00,8.54,80.82,0.0,209,0.255,0,12.89
2024-12-02 00:42:00,8.54,80.73,0.0,209,0.015,0,12.89
2024-12-02 00:43:00,8.54,80.73,0.0,209,0.06,0,12.89
2024-12-02 00:44:00,8.51,80.68,0.0,209,0.0,0,12.89
2024-12-02 00:45:00,8.48,80.66,0.0,209,0.0,0,12.89
2024-12-02 00:46:00,8.44,80.71,0.0,209,0.0,0,12.89
2024-12-02 00:47:00,8.44,80.88,0.0,209,0.09,0,12.89
2024-12-02 00:48:00,8.43,80.91,0.0,209,0.045,0,12.89
2024-12-02 00:49:00,8.4,80.95,0.0,215,0.09,0,12.89
2024-12-02 00:50:00,8.41,81.07,0.0,215,0.06,0,12.89
2024-12-02 00:51:00,8.37,81.09,0.0,215,0.075,0,12.89
2024-12-02 00:52:00,8.36,81.15,0.0,215,0.045,0,12.89
2024-12-02 00:53:00,8.33,81.2,0.0,215,0.015,0,12.89
2024-12-02 00:54:00,8.31,81.34,0.0,224,0.15,0,12.89
2024-12-02 00:55:00,8.3,81.44,0.0,224,0.03,0,12.89
2024-12-02 00:56:00,8.27,81.54,0.0,224,0.0,0,12.89
2024-12-02 00:57:00,8.21,81.55,0.0,224,0.0,0,12.89
2024-12-02 00:58:00,8.2,81.64,0.0,224,0.0,0,12.89
2024-12-02 00:59:00,8.2,81.65,0.0,224,0.0,0,12.89
2024-12-02 01:00:00,8.16,81.74,0.0,224,0.0,0,12.89
2024-12-02 01:01:00,8.11,81.78,0.0,224,0.0,0,12.89
2024-12-02 01:02:00,8.11,82.01,0.0,224,0.03,0,12.89
2024-12-02 01:03:00,8.13,82.08,0.0,224,0.0,0,12.89
2024-12-02 01:04:00,8.1,82.15,0.0,224,0.015,0,12.89
2024-12-02 01:05:00,8.09,82.21,0.0,224,0.0,0,12.89
2024-12-02 01:06:00,8.09,82.22,0.0,224,0.0,0,12.89
2024-12-02 01:07:00,8.07,82.28,0.0,224,0.0,0,12.89
2024-12-02 01:08:00,8.03,82.28,0.0,224,0.0,0,12.89
2024-12-02 01:09:00,8.01,82.44,0.0,224,0.0,0,12.89
2024-12-02 01:10:00,8.01,82.59,0.0,224,0.0,0,12.89
2024-12-02 01:11:00,8.0,82.63,0.0,224,0.03,0,12.89
2024-12-02 01:12:00,8.01,82.65,0.0,224,0.015,0,12.89
2024-12-02 01:13:00,7.99,82.66,0.0,224,0.045,0,12.89
2024-12-02 01:14:00,8.01,82.82,0.0,224,0.21,0,12.89
2024-12-02 01:15:00,8.03,82.71,0.0,224,0.045,0,12.89
2024-12-02 01:16:00,8.03,82.66,0.0,224,0.03,0,12.89
2024-12-02 01:17:00,8.01,82.56,0.0,224,0.0,0,12.89
2024-12-02 01:18:00,8.03,82.6,0.0,224,0.18,0,12.89
2024-12-02 01:19:00,8.01,82.61,0.0,224,0.21,0,12.89
2024-12-02 01:20:00,8.04,82.52,0.0,224,0.015,0,12.89
2024-12-02 01:21:00,8.06,82.41,0.0,224,0.0,0,12.89
2024-12-02 01:22:00,8.04,82.37,0.0,224,0.0,0,12.89
2024-12-02 01:23:00,8.04,82.3,0.0,224,0.03,0,12.89
2024-12-02 01:24:00,8.0,82.41,0.0,224,0.0,0,12.89
2024-12-02 01:25:00,8.01,82.47,0.0,224,0.015,0,12.89
2024-12-02 01:26:00,8.01,82.51,0.0,224,0.0,0,12.89
2024-12-02 01:27:00,7.97,82.52,0.0,224,0.015,0,12.89
2024-12-02 01:28:00,7.99,82.62,0.0,224,0.195,0,12.89
2024-12-02 01:29:00,8.0,82.55,0.0,224,0.015,0,12.89
2024-12-02 01:30:00,7.99,82.53,0.0,224,0.0,0,12.89
2024-12-02 01:31:00,7.99,82.53,0.0,224,0.0,0,12.89
2024-12-02 01:32:00,7.96,82.6,0.0,224,0.0,0,12.89
2024-12-02 01:33:00,7.94,82.73,0.0,224,0.0,0,12.89
2024-12-02 01:34:00,7.92,82.78,0.0,224,0.0,0,12.89
2024-12-02 01:35:00,7.92,82.82,0.0,224,0.075,0,12.89
2024-12-02 01:36:00,7.93,82.83,0.0,224,0.06,0,12.89
2024-12-02 01:37:00,7.94,82.74,0.0,224,0.0,0,12.89
2024-12-02 01:38:00,7.97,82.77,0.0,224,0.015,0,12.89
2024-12-02 01:39:00,7.99,82.69,0.0,224,0.015,0,12.89
2024-12-02 01:40:00,7.96,82.57,0.0,224,0.0,0,12.89
2024-12-02 01:41:00,7.94,82.55,0.0,224,0.0,0,12.89
2024-12-02 01:42:00,7.94,82.5,0.0,224,0.0,0,12.89
2024-12-02 01:43:00,7.92,82.54,0.0,224,0.0,0,12.89
2024-12-02 01:44:00,7.93,82.67,0.0,224,0.0,0,12.89
2024-12-02 01:45:00,7.92,82.71,0.0,224,0.0,0,12.89
2024-12-02 01:46:00,7.94,82.65,0.0,224,0.0,0,12.89
2024-12-02 01:47:00,7.93,82.64,0.0,224,0.0,0,12.89
2024-12-02 01:48:00,7.89,82.55,0.0,224,0.0,0,12.89
2024-12-02 01:49:00,7.89,82.58,0.0,224,0.0,0,12.89
2024-12-02 01:50:00,7.9,82.82,0.0,224,0.045,0,12.89
2024-12-02 01:51:00,7.93,82.87,0.0,224,0.0,0,12.89
2024-12-02 01:52:00,7.9,82.86,0.0,224,0.0,0,12.89
2024-12-02 01:53:00,7.87,82.91,0.0,224,0.0,0,12.89
2024-12-02 01:54:00,7.86,82.91,0.0,224,0.015,0,12.89
2024-12-02 01:55:00,7.87,83.05,0.0,223,0.105,0,12.89
2024-12-02 01:56:00,7.87,83.0,0.0,223,0.075,0,12.89
2024-12-02 01:57:00,7.87,83.0,0.0,215,0.075,0,12.89
2024-12-02 01:58:00,7.87,82.92,0.0,215,0.075,0,12.89
2024-12-02 01:59:00,7.86,82.93,0.0,215,0.105,0,12.89
2024-12-02 02:00:00,7.87,82.97,0.0,215,0.015,0,12.89
2024-12-02 02:01:00,7.89,82.98,0.0,215,0.135,0,12.89
2024-12-02 02:02:00,7.86,82.97,0.0,215,0.015,0,12.89
2024-12-02 02:03:00,7.86,83.11,0.0,215,0.06,0,12.89
2024-12-02 02:04:00,7.87,83.1,0.0,215,0.0,0,12.89
2024-12-02 02:05:00,7.87,83.02,0.0,215,0.0,0,12.89
2024-12-02 02:06:00,7.85,83.0,0.0,215,0.0,0,12.89
2024-12-02 02:07:00,7.82,82.92,0.0,215,0.0,0,12.89
2024-12-02 02:08:00,7.79,83.01,0.0,215,0.03,0,12.89
2024-12-02 02:09:00,7.82,83.04,0.0,215,0.0,0,12.89
2024-12-02 02:10:00,7.8,83.05,0.0,215,0.0,0,12.89
2024-12-02 02:11:00,7.83,83.17,0.0,224,0.255,0,12.89
2024-12-02 02:12:00,7.86,83.01,0.0,224,0.09,0,12.89
2024-12-02 02:13:00,7.9,82.9,0.0,224,0.09,0,12.89
2024-12-02 02:14:00,7.89,82.72,0.0,224,0.045,0,12.89
2024-12-02 02:15:00,7.89,82.63,0.0,223,0.0,0,12.89
2024-12-02 02:16:00,7.89,82.65,0.0,223,0.12,0,12.89
2024-12-02 02:17:00,7.86,82.61,0.0,223,0.0,0,12.89
2024-12-02 02:18:00,7.87,82.64,0.0,223,0.0,0,12.89
2024-12-02 02:19:00,7.86,82.64,0.0,223,0.015,0,12.89
2024-12-02 02:20:00,7.85,82.66,0.0,223,0.015,0,12.89
2024-12-02 02:21:00,7.85,82.7,0.0,223,0.0,0,12.89
2024-12-02 02:22:00,7.85,82.75,0.0,223,0.0,0,12.89
2024-12-02 02:23:00,7.82,82.78,0.0,223,0.0,0,12.89
2024-12-02 02:24:00,7.82,82.82,0.0,223,0.0,0,12.89
2024-12-02 02:25:00,7.79,82.81,0.0,223,0.0,0,12.89
2024-12-02 02:26:00,7.79,82.92,0.0,223,0.0,0,12.89
2024-12-02 02:27:00,7.76,82.98,0.0,223,0.0,0,12.89
2024-12-02 02:28:00,7.75,83.13,0.0,223,0.0,0,12.89
2024-12-02 02:29:00,7.72,83.3,0.0,223,0.03,0,12.89
2024-12-02 02:30:00,7.73,83.41,0.0,223,0.03,0,12.89
2024-12-02 02:31:00,7.72,83.45,0.0,223,0.0,0,12.89
2024-12-02 02:32:00,7.7,83.4,0.0,223,0.0,0,12.89
2024-12-02 02:33:00,7.72,83.42,0.0,223,0.0,0,12.89
2024-12-02 02:34:00,7.69,83.41,0.0,223,0.0,0,12.89
2024-12-02 02:35:00,7.68,83.45,0.0,223,0.0,0,12.89
2024-12-02 02:36:00,7.66,83.41,0.0,223,0.0,0,12.89
2024-12-02 02:37:00,7.62,83.5,0.0,223,0.0,0,12.89
2024-12-02 02:38:00,7.61,83.56,0.0,223,0.0,0,12.89
2024-12-02 02:39:00,7.58,83.69,0.0,223,0.0,0,12.89
2024-12-02 02:40:00,7.56,83.81,0.0,223,0.0,0,12.89
2024-12-02 02:41:00,7.56,83.94,0.0,223,0.045,0,12.89
2024-12-02 02:42:00,7.54,84.03,0.0,223,0.0,0,12.89
2024-12-02 02:43:00,7.54,84.13,0.0,223,0.12,0,12.89
2024-12-02 02:44:00,7.59,84.12,0.0,223,0.045,0,12.89
2024-12-02 02:45:00,7.55,84.04,0.0,223,0.0,0,12.89
2024-12-02 02:46:00,7.55,84.02,0.0,223,0.0,0,12.89
2024-12-02 02:47:00,7.55,83.94,0.0,223,0.03,0,12.89
2024-12-02 02:48:00,7.54,83.95,0.0,223,0.135,0,12.89
2024-12-02 02:49:00,7.54,83.97,0.0,223,0.015,0,12.89
2024-12-02 02:50:00,7.49,83.97,0.0,223,0.09,0,12.89
2024-12-02 02:51:00,7.51,84.04,0.0,223,0.015,0,12.89
2024-12-02 02:52:00,7.49,84.07,0.0,223,0.0,0,12.89
2024-12-02 02:53:00,7.49,84.15,0.0,223,0.03,0,12.89
2024-12-02 02:54:00,7.51,84.04,0.0,223,0.0,0,12.89
2024-12-02 02:55:00,7.51,84.03,0.0,223,0.0,0,12.89
2024-12-02 02:56:00,7.49,84.02,0.0,223,0.0,0,12.89
2024-12-02 02:57:00,7.48,84.1,0.0,223,0.0,0,12.89
2024-12-02 02:58:00,7.49,84.14,0.0,223,0.0,0,12.89
2024-12-02 02:59:00,7.51,84.19,0.0,223,0.105,0,12.89
2024-12-02 03:00:00,7.51,84.34,0.0,223,0.12,0,12.89
2024-12-02 03:01:00,7.48,84.23,0.0,223,0.015,0,12.89
2024-12-02 03:02:00,7.51,84.19,0.0,223,0.0,0,12.89
2024-12-02 03:03:00,7.48,84.23,0.0,223,0.03,0,12.89
2024-12-02 03:04:00,7.51,84.23,0.0,223,0.0,0,12.89
2024-12-02 03:05:00,7.48,84.33,0.0,223,0.06,0,12.89
2024-12-02 03:06:00,7.47,84.25,0.0,223,0.09,0,12.89
2024-12-02 03:07:00,7.48,84.23,0.0,223,0.03,0,12.89
2024-12-02 03:08:00,7.45,84.29,0.0,223,0.03,0,12.89
2024-12-02 03:09:00,7.44,84.26,0.0,223,0.015,0,12.89
2024-12-02 03:10:00,7.44,84.3,0.0,223,0.0,0,12.89
2024-12-02 03:11:00,7.39,84.4,0.0,223,0.0,0,12.89
2024-12-02 03:12:00,7.38,84.49,0.0,223,0.0,0,12.89
2024-12-02 03:13:00,7.39,84.56,0.0,223,0.0,0,12.89
2024-12-02 03:14:00,7.37,84.59,0.0,223,0.0,0,12.89
2024-12-02 03:15:00,7.35,84.55,0.0,223,0.0,0,12.89
2024-12-02 03:16:00,7.32,84.54,0.0,223,0.0,0,12.89
2024-12-02 03:17:00,7.31,84.56,0.0,223,0.0,0,12.89
2024-12-02 03:18:00,7.27,84.63,0.0,223,0.0,0,12.89
2024-12-02 03:19:00,7.27,84.69,0.0,223,0.0,0,12.89
2024-12-02 03:20:00,7.24,84.76,0.0,223,0.0,0,12.89
2024-12-02 03:21:00,7.22,84.98,0.0,223,0.0,0,12.89
2024-12-02 03:22:00,7.25,85.04,0.0,223,0.0,0,12.89
2024-12-02 03:23:00,7.24,85.08,0.0,223,0.075,0,12.89
2024-12-02 03:24:00,7.29,85.23,0.0,223,0.165,0,12.89
2024-12-02 03:25:00,7.34,85.17,0.0,223,0.015,0,12.89
2024-12-02 03:26:00,7.37,84.97,0.0,223,0.0,0,12.89
2024-12-02 03:27:00,7.35,84.75,0.0,223,0.0,0,12.89
2024-12-02 03:28:00,7.35,84.7,0.0,223,0.0,0,12.89
2024-12-02 03:29:00,7.31,84.7,0.0,223,0.0,0,12.89
2024-12-02 03:30:00,7.32,84.76,0.0,223,0.0,0,12.89
2024-12-02 03:31:00,7.35,84.87,0.0,223,0.015,0,12.89
2024-12-02 03:32:00,7.31,84.87,0.0,223,0.03,0,12.89
2024-12-02 03:33:00,7.34,84.85,0.0,223,0.03,0,12.89
2024-12-02 03:34:00,7.34,84.78,0.0,223,0.0,0,12.89
2024-12-02 03:35:00,7.32,84.8,0.0,223,0.03,0,12.89
2024-12-02 03:36:00,7.31,84.81,0.0,223,0.015,0,12.89
2024-12-02 03:37:00,7.31,84.91,0.0,223,0.0,0,12.89
2024-12-02 03:38:00,7.29,84.93,0.0,223,0.0,0,12.89
2024-12-02 03:39:00,7.28,85.02,0.0,223,0.0,0,12.89
2024-12-02 03:40:00,7.28,85.05,0.0,223,0.0,0,12.89
2024-12-02 03:41:00,7.28,85.08,0.0,223,0.06,0,12.89
2024-12-02 03:42:00,7.31,85.06,0.0,223,0.105,0,12.89
2024-12-02 03:43:00,7.31,85.08,0.0,223,0.045,0,12.89
2024-12-02 03:44:00,7.32,85.09,0.0,223,0.15,0,12.89
2024-12-02 03:45:00,7.35,85.03,0.0,223,0.045,0,12.89
2024-12-02 03:46:00,7.34,84.89,0.0,223,0.0,0,12.89
2024-12-02 03:47:00,7.37,84.9,0.0,223,0.015,0,12.89
2024-12-02 03:48:00,7.34,84.83,0.0,223,0.015,0,12.89
2024-12-02 03:49:00,7.34,84.83,0.0,223,0.09,0,12.89
2024-12-02 03:50:00,7.38,84.82,0.0,223,0.06,0,12.89
2024-12-02 03:51:00,7.42,84.68,0.0,233,0.135,0,12.89
2024-12-02 03:52:00,7.41,84.47,0.0,233,0.06,0,12.89
2024-12-02 03:53:00,7.39,84.34,0.0,233,0.0,0,12.89
2024-12-02 03:54:00,7.38,84.36,0.0,237,0.135,0,12.89
2024-12-02 03:55:00,7.38,84.47,0.0,237,0.105,0,12.89
2024-12-02 03:56:00,7.35,84.38,0.0,237,0.0,0,12.89
2024-12-02 03:57:00,7.35,84.35,0.0,237,0.0,0,12.89
2024-12-02 03:58:00,7.31,84.38,0.0,237,0.0,0,12.89
2024-12-02 03:59:00,7.28,84.49,0.0,237,0.0,0,12.89
2024-12-02 04:00:00,7.25,84.64,0.0,237,0.03,0,12.89
2024-12-02 04:01:00,7.24,84.68,0.0,237,0.0,0,12.89
2024-12-02 04:02:00,7.24,84.83,0.0,237,0.0,0,12.89
2024-12-02 04:03:00,7.24,84.98,0.0,237,0.0,0,12.89
2024-12-02 04:04:00,7.22,85.04,0.0,237,0.03,0,12.89
2024-12-02 04:05:00,7.19,85.04,0.0,237,0.0,0,12.89
2024-12-02 04:06:00,7.19,85.14,0.0,237,0.015,0,12.89
2024-12-02 04:07:00,7.18,85.13,0.0,237,0.0,0,12.89
2024-12-02 04:08:00,7.18,85.25,0.0,237,0.03,0,12.89
2024-12-02 04:09:00,7.19,85.35,0.0,237,0.12,0,12.89
2024-12-02 04:10:00,7.24,85.3,0.0,237,0.045,0,12.89
2024-12-02 04:11:00,7.21,85.27,0.0,237,0.015,0,12.89
2024-12-02 04:12:00,7.22,85.26,0.0,237,0.0,0,12.89
2024-12-02 04:13:00,7.22,85.29,0.0,237,0.12,0,12.89
2024-12-02 04:14:00,7.22,85.25,0.0,237,0.03,0,12.89
2024-12-02 04:15:00,7.19,85.2,0.0,237,0.0,0,12.89
2024-12-02 04:16:00,7.18,85.2,0.0,237,0.0,0,12.89
2024-12-02 04:17:00,7.19,85.21,0.0,237,0.0,0,12.89
2024-12-02 04:18:00,7.17,85.28,0.0,237,0.06,0,12.89
2024-12-02 04:19:00,7.19,85.3,0.0,237,0.0,0,12.89
2024-12-02 04:20:00,7.15,85.37,0.0,237,0.045,0,12.89
2024-12-02 04:21:00,7.15,85.37,0.0,228,0.075,0,12.89
2024-12-02 04:22:00,7.17,85.33,0.0,228,0.0,0,12.89
2024-12-02 04:23:00,7.11,85.28,0.0,225,0.015,0,12.89
2024-12-02 04:24:00,7.14,85.37,0.0,225,0.03,0,12.89
2024-12-02 04:25:00,7.14,85.42,0.0,220,0.12,0,12.89
2024-12-02 04:26:00,7.12,85.4,0.0,220,0.15,0,12.89
2024-12-02 04:27:00,7.08,85.43,0.0,218,0.24,0,12.89
2024-12-02 04:28:00,7.11,85.44,0.0,222,0.285,0,12.89
2024-12-02 04:29:00,7.12,85.41,0.0,219,0.12,0,12.89
2024-12-02 04:30:00,7.14,85.4,0.0,194,0.165,0,12.89
2024-12-02 04:31:00,7.11,85.34,0.0,194,0.075,0,12.89
2024-12-02 04:32:00,7.12,85.35,0.0,217,0.21,0,12.89
2024-12-02 04:33:00,7.1,85.4,0.0,204,0.225,0,12.89
2024-12-02 04:34:00,7.11,85.35,0.0,204,0.015,0,12.89
2024-12-02 04:35:00,7.08,85.34,0.0,195,0.195,0,12.89
2024-12-02 04:36:00,7.11,85.35,0.0,195,0.06,0,12.89
2024-12-02 04:37:00,7.1,85.39,0.0,195,0.03,0,12.89
2024-12-02 04:38:00,7.11,85.33,0.0,195,0.015,0,12.89
2024-12-02 04:39:00,7.15,85.37,0.0,195,0.165,0,12.89
2024-12-02 04:40:00,7.17,85.3,0.0,198,0.12,0,12.89
2024-12-02 04:41:00,7.18,85.31,0.0,198,0.06,0,12.89
2024-12-02 04:42:00,7.19,85.16,0.0,198,0.0,0,12.89
2024-12-02 04:43:00,7.21,85.09,0.0,198,0.0,0,12.89
2024-12-02 04:44:00,7.21,85.07,0.0,198,0.06,0,12.89
2024-12-02 04:45:00,7.21,85.05,0.0,198,0.0,0,12.89
2024-12-02 04:46:00,7.22,85.11,0.0,198,0.12,0,12.89
2024-12-02 04:47:00,7.21,84.94,0.0,198,0.0,0,12.89
2024-12-02 04:48:00,7.21,84.89,0.0,198,0.21,0,12.89
2024-12-02 04:49:00,7.19,84.88,0.0,198,0.045,0,12.89
2024-12-02 04:50:00,7.21,84.87,0.0,198,0.0,0,12.89
2024-12-02 04:51:00,7.19,84.8,0.0,198,0.06,0,12.89
2024-12-02 04:52:00,7.18,84.86,0.0,198,0.135,0,12.89
2024-12-02 04:53:00,7.15,84.94,0.0,198,0.0,0,12.89
2024-12-02 04:54:00,7.17,84.99,0.0,198,0.105,0,12.89
2024-12-02 04:55:00,7.17,85.04,0.0,198,0.165,0,12.89
2024-12-02 04:56:00,7.17,85.06,0.0,198,0.12,0,12.89
2024-12-02 04:57:00,7.15,85.01,0.0,198,0.0,0,12.89
2024-12-02 04:58:00,7.15,85.04,0.0,198,0.03,0,12.89
2024-12-02 04:59:00,7.12,85.03,0.0,198,0.015,0,12.89
2024-12-02 05:00:00,7.14,85.02,0.0,198,0.09,0,12.89
2024-12-02 05:01:00,7.11,85.14,0.0,198,0.03,0,12.89
2024-12-02 05:02:00,7.15,85.16,0.0,198,0.0,0,12.89
2024-12-02 05:03:00,7.14,85.18,0.0,198,0.09,0,12.89
2024-12-02 05:04:00,7.15,85.13,0.0,198,0.075,0,12.89
2024-12-02 05:05:00,7.15,85.13,0.0,198,0.165,0,12.89
2024-12-02 05:06:00,7.15,85.03,0.0,198,0.0,0,12.89
2024-12-02 05:07:00,7.15,84.99,0.0,198,0.0,0,12.89
2024-12-02 05:08:00,7.18,85.05,0.0,198,0.0,0,12.89
2024-12-02 05:09:00,7.15,84.98,0.0,198,0.015,0,12.89
2024-12-02 05:10:00,7.15,84.93,0.0,198,0.0,0,12.89
2024-12-02 05:11:00,7.11,84.91,0.0,198,0.0,0,12.89
2024-12-02 05:12:00,7.11,84.97,0.0,198,0.0,0,12.89
2024-12-02 05:13:00,7.1,84.95,0.0,198,0.0,0,12.89
2024-12-02 05:14:00,7.08,85.0,0.0,198,0.0,0,12.89
2024-12-02 05:15:00,7.04,85.04,0.0,198,0.0,0,12.89
2024-12-02 05:16:00,7.01,85.1,0.0,198,0.0,0,12.89
2024-12-02 05:17:00,6.98,85.21,0.0,198,0.0,0,12.89
2024-12-02 05:18:00,6.97,85.5,0.0,198,0.0,0,12.89
2024-12-02 05:19:00,7.0,85.68,0.0,198,0.015,0,12.89
2024-12-02 05:20:00,7.01,85.64,0.0,198,0.0,0,12.89
2024-12-02 05:21:00,7.03,85.71,0.0,198,0.03,0,12.89
2024-12-02 05:22:00,7.03,85.67,0.0,198,0.0,0,12.89
2024-12-02 05:23:00,7.06,85.62,0.0,198,0.0,0,12.89
2024-12-02 05:24:00,7.04,85.67,0.0,198,0.015,0,12.89
2024-12-02 05:25:00,7.04,85.76,0.0,198,0.0,0,12.89
2024-12-02 05:26:00,7.08,85.69,0.0,198,0.0,0,12.89
2024-12-02 05:27:00,7.07,85.67,0.0,198,0.12,0,12.89
2024-12-02 05:28:00,7.1,85.62,0.0,198,0.105,0,12.89
2024-12-02 05:29:00,7.11,85.58,0.0,198,0.225,0,12.89
2024-12-02 05:30:00,7.12,85.44,0.0,198,0.06,0,12.89
2024-12-02 05:31:00,7.12,85.39,0.0,198,0.015,0,12.89
2024-12-02 05:32:00,7.12,85.47,0.0,198,0.12,0,12.89
2024-12-02 05:33:00,7.15,85.44,0.0,198,0.225,0,12.89
2024-12-02 05:34:00,7.17,85.32,0.0,198,0.045,0,12.89
2024-12-02 05:35:00,7.17,85.19,0.0,198,0.0,0,12.89
2024-12-02 05:36:00,7.15,85.19,0.0,198,0.015,0,12.89
2024-12-02 05:37:00,7.14,85.21,0.0,198,0.0,0,12.89
2024-12-02 05:38:00,7.17,85.23,0.0,198,0.06,0,12.89
2024-12-02 05:39:00,7.15,85.27,0.0,198,0.12,0,12.89
2024-12-02 05:40:00,7.12,85.29,0.0,198,0.045,0,12.89
2024-12-02 05:41:00,7.1,85.27,0.0,198,0.0,0,12.89
2024-12-02 05:42:00,7.11,85.31,0.0,198,0.0,0,12.89
2024-12-02 05:43:00,7.12,85.39,0.0,198,0.06,0,12.89
2024-12-02 05:44:00,7.14,85.46,0.0,198,0.12,0,12.89
2024-12-02 05:45:00,7.17,85.35,0.0,198,0.03,0,12.89
2024-12-02 05:46:00,7.17,85.34,0.0,198,0.045,0,12.89
2024-12-02 05:47:00,7.18,85.35,0.0,198,0.135,0,12.89
2024-12-02 05:48:00,7.18,85.24,0.0,198,0.015,0,12.89
2024-12-02 05:49:00,7.18,85.14,0.0,198,0.0,0,12.89
2024-12-02 05:50:00,7.17,85.17,0.0,198,0.0,0,12.89
2024-12-02 05:51:00,7.14,85.17,0.0,198,0.0,0,12.89
2024-12-02 05:52:00,7.11,85.28,0.0,198,0.0,0,12.89
2024-12-02 05:53:00,7.12,85.32,0.0,198,0.015,0,12.89
2024-12-02 05:54:00,7.14,85.4,0.0,198,0.015,0,12.89
2024-12-02 05:55:00,7.15,85.5,0.0,198,0.03,0,12.89
2024-12-02 05:56:00,7.14,85.42,0.0,198,0.0,0,12.89
2024-12-02 05:57:00,7.12,85.4,0.0,198,0.015,0,12.89
2024-12-02 05:58:00,7.14,85.39,0.0,198,0.0,0,12.89
2024-12-02 05:59:00,7.11,85.42,0.0,198,0.0,0,12.89
2024-12-02 06:00:00,7.11,85.54,0.0,198,0.0,0,12.89
2024-12-02 06:01:00,7.12,85.56,0.0,198,0.0,0,12.89
2024-12-02 06:02:00,7.11,85.49,0.0,198,0.0,0,12.89
2024-12-02 06:03:00,7.11,85.56,0.0,198,0.0,0,12.89
2024-12-02 06:04:00,7.1,85.54,0.0,198,0.0,0,12.89
2024-12-02 06:05:00,7.14,85.75,0.0,198,0.0,0,12.89
2024-12-02 06:06:00,7.14,85.7,0.0,198,0.0,0,12.89
2024-12-02 06:07:00,7.15,85.56,0.0,198,0.0,0,12.89
2024-12-02 06:08:00,7.15,85.58,0.0,198,0.015,0,12.89
2024-12-02 06:09:00,7.18,85.66,0.0,198,0.03,0,12.89
2024-12-02 06:10:00,7.19,85.64,0.0,198,0.0,0,12.89
2024-12-02 06:11:00,7.18,85.52,0.0,198,0.0,0,12.89
2024-12-02 06:12:00,7.22,85.46,0.0,198,0.015,0,12.89
2024-12-02 06:13:00,7.21,85.45,0.0,198,0.075,0,12.89
2024-12-02 06:14:00,7.21,85.31,0.0,198,0.0,0,12.89
2024-12-02 06:15:00,7.17,85.34,0.0,198,0.0,0,12.89
2024-12-02 06:16:00,7.15,85.36,0.0,198,0.0,0,12.89
2024-12-02 06:17:00,7.15,85.43,0.0,198,0.0,0,12.89
2024-12-02 06:18:00,7.15,85.48,0.0,198,0.0,0,12.89
2024-12-02 06:19:00,7.18,85.56,0.0,198,0.0,0,12.89
2024-12-02 06:20:00,7.14,85.61,0.0,198,0.0,0,12.89
2024-12-02 06:21:00,7.17,85.67,0.0,198,0.0,0,12.89
2024-12-02 06:22:00,7.17,85.7,0.0,198,0.0,0,12.89
2024-12-02 06:23:00,7.21,85.77,0.0,198,0.015,0,12.89
2024-12-02 06:24:00,7.22,85.73,0.0,198,0.09,0,12.89
2024-12-02 06:25:00,7.25,85.57,0.0,198,0.015,0,12.89
2024-12-02 06:26:00,7.27,85.54,0.0,198,0.075,0,12.89
2024-12-02 06:27:00,7.27,85.32,0.0,198,0.015,0,12.89
2024-12-02 06:28:00,7.27,85.17,0.0,198,0.0,0,12.89
2024-12-02 06:29:00,7.27,85.15,0.0,198,0.0,0,12.89
2024-12-02 06:30:00,7.25,85.28,0.0,198,0.0,0,12.89
2024-12-02 06:31:00,7.22,85.16,0.0,198,0.0,0,12.89
2024-12-02 06:32:00,7.19,85.18,0.0,198,0.0,0,12.89
2024-12-02 06:33:00,7.17,85.36,0.0,198,0.0,0,12.89
2024-12-02 06:34:00,7.19,85.42,0.0,198,0.0,0,12.89
2024-12-02 06:35:00,7.19,85.49,0.0,198,0.0,0,12.89
2024-12-02 06:36:00,7.17,85.48,0.0,198,0.0,0,12.89
2024-12-02 06:37:00,7.19,85.63,0.0,198,0.0,0,12.89
2024-12-02 06:38:00,7.17,85.62,0.0,198,0.0,0,12.89
2024-12-02 06:39:00,7.15,85.55,0.0,198,0.0,0,12.89
2024-12-02 06:40:00,7.14,85.64,0.0,198,0.0,0,12.89
2024-12-02 06:41:00,7.15,85.65,0.0,198,0.0,0,12.89
2024-12-02 06:42:00,7.15,85.61,0.0,198,0.0,0,12.89
2024-12-02 06:43:00,7.14,85.68,0.0,198,0.0,0,12.89
2024-12-02 06:44:00,7.15,85.76,0.0,198,0.015,0,12.89
2024-12-02 06:45:00,7.1,85.72,0.0,198,0.0,0,12.89
2024-12-02 06:46:00,7.12,85.81,0.0,198,0.03,0,12.89
2024-12-02 06:47:00,7.12,85.81,0.0,198,0.24,0,12.89
2024-12-02 06:48:00,7.11,85.77,0.0,198,0.015,0,12.89
2024-12-02 06:49:00,7.14,85.86,0.0,198,0.0,0,12.89
2024-12-02 06:50:00,7.1,85.83,0.0,198,0.015,0,12.89
2024-12-02 06:51:00,7.08,85.95,0.0,198,0.045,0,12.89
2024-12-02 06:52:00,7.08,86.09,0.0,198,0.18,0,12.89
2024-12-02 06:53:00,7.1,86.18,0.0,198,0.075,0,12.89
2024-12-02 06:54:00,7.1,86.22,0.0,198,0.015,0,12.89
2024-12-02 06:55:00,7.08,86.19,0.0,198,0.03,0,12.89
2024-12-02 06:56:00,7.1,86.11,0.0,198,0.0,0,12.89
2024-12-02 06:57:00,7.03,86.04,0.0,198,0.0,0,12.89
2024-12-02 06:58:00,7.01,86.07,0.0,198,0.0,0,12.89
2024-12-02 06:59:00,7.01,86.18,0.0,198,0.0,0,12.89
2024-12-02 07:00:00,7.03,86.41,0.0,198,0.225,0,12.89
2024-12-02 07:01:00,7.04,86.55,0.0,198,0.105,0,12.89
2024-12-02 07:02:00,7.08,86.63,0.0,198,0.045,0,12.89
2024-12-02 07:03:00,7.11,86.74,0.0,215,0.255,0,12.89
2024-12-02 07:04:00,7.15,86.55,0.0,215,0.0,0,12.89
2024-12-02 07:05:00,7.14,86.5,0.0,215,0.0,0,12.89
2024-12-02 07:06:00,7.15,86.4,0.0,215,0.0,0,12.89
2024-12-02 07:07:00,7.15,86.25,0.0,215,0.0,0,12.89
2024-12-02 07:08:00,7.14,86.21,0.0,215,0.0,0,12.89
2024-12-02 07:09:00,7.15,86.24,0.0,215,0.0,0,12.89
2024-12-02 07:10:00,7.15,86.24,0.0,215,0.0,0,12.89
2024-12-02 07:11:00,7.14,86.29,0.0,215,0.0,0,12.89
2024-12-02 07:12:00,7.14,86.31,0.76,215,0.0,0,12.89
2024-12-02 07:13:00,7.14,86.35,0.76,215,0.03,0,12.89
2024-12-02 07:14:00,7.15,86.29,1.14,215,0.0,0,12.89
2024-12-02 07:15:00,7.17,86.27,1.14,215,0.0,0,12.89
2024-12-02 07:16:00,7.17,86.38,1.53,215,0.0,0,12.89
2024-12-02 07:17:00,7.21,86.35,1.53,215,0.0,0,12.89
2024-12-02 07:18:00,7.21,86.32,1.53,215,0.0,0,12.74
2024-12-02 07:19:00,7.21,86.23,2.29,215,0.0,0,12.89
2024-12-02 07:20:00,7.22,86.29,2.29,215,0.015,0,12.74
2024-12-02 07:21:00,7.21,86.25,2.67,215,0.0,0,12.71
2024-12-02 07:22:00,7.21,86.17,2.67,215,0.0,0,12.74
2024-12-02 07:23:00,7.24,86.16,3.43,215,0.0,0,12.74
2024-12-02 07:24:00,7.18,86.1,3.43,215,0.0,0,12.74
2024-12-02 07:25:00,7.22,86.13,4.2,215,0.0,0,12.89
2024-12-02 07:26:00,7.24,86.35,4.58,215,0.0,0,12.71
2024-12-02 07:27:00,7.24,86.24,4.96,215,0.0,0,12.71
2024-12-02 07:28:00,7.25,86.27,4.96,215,0.0,0,12.74
2024-12-02 07:29:00,7.28,86.35,5.72,215,0.0,0,12.71
2024-12-02 07:30:00,7.31,86.44,6.1,215,0.015,0,12.71
2024-12-02 07:31:00,7.34,86.43,6.87,215,0.0,0,12.71
2024-12-02 07:32:00,7.41,86.36,7.25,215,0.03,0,12.71
2024-12-02 07:33:00,7.47,86.19,8.01,215,0.015,0,12.74
2024-12-02 07:34:00,7.52,85.85,8.39,215,0.045,0,12.89
2024-12-02 07:35:00,7.55,85.64,9.16,215,0.0,0,12.89
2024-12-02 07:36:00,7.56,85.49,9.92,215,0.03,0,12.89
2024-12-02 07:37:00,7.56,85.29,10.3,215,0.075,0,12.89
2024-12-02 07:38:00,7.55,85.33,11.06,215,0.06,0,12.89
2024-12-02 07:39:00,7.56,85.23,11.83,215,0.195,0,12.89
2024-12-02 07:40:00,7.59,85.15,12.59,215,0.0,0,12.89
2024-12-02 07:41:00,7.63,85.16,13.73,215,0.135,0,12.89
2024-12-02 07:42:00,7.68,85.17,14.11,215,0.075,0,12.89
2024-12-02 07:43:00,7.66,85.0,14.88,215,0.015,0,12.89
2024-12-02 07:44:00,7.68,84.87,16.02,190,0.15,0,12.89
2024-12-02 07:45:00,7.69,84.82,16.78,233,0.18,0,12.89
2024-12-02 07:46:00,7.72,84.82,17.55,233,0.0,0,12.89
2024-12-02 07:47:00,7.72,84.71,18.31,233,0.045,0,12.89
2024-12-02 07:48:00,7.73,84.63,19.07,233,0.06,0,12.89
2024-12-02 07:49:00,7.7,84.49,19.84,233,0.015,0,12.89
2024-12-02 07:50:00,7.73,84.45,20.6,233,0.09,0,12.89
2024-12-02 07:51:00,7.73,84.51,21.36,206,0.09,0,12.89
2024-12-02 07:52:00,7.76,84.58,21.74,206,0.06,0,12.89
2024-12-02 07:53:00,7.76,84.51,22.51,207,0.045,0,12.89
2024-12-02 07:54:00,7.76,84.51,23.65,186,0.165,0,12.89
2024-12-02 07:55:00,7.76,84.53,24.03,186,0.0,0,12.89
2024-12-02 07:56:00,7.8,84.53,24.8,186,0.0,0,12.89
2024-12-02 07:57:00,7.83,84.44,25.56,186,0.0,0,12.89
2024-12-02 07:58:00,7.82,84.36,26.32,189,0.045,0,12.89
2024-12-02 07:59:00,7.86,84.29,27.47,189,0.045,0,12.93
2024-12-02 08:00:00,7.85,84.19,27.85,189,0.0,0,12.93
2024-12-02 08:01:00,7.83,84.15,28.61,189,0.03,0,12.93
2024-12-02 08:02:00,7.86,84.32,29.76,189,0.06,0,12.93
2024-12-02 08:03:00,7.89,84.32,30.14,189,0.0,0,12.97
2024-12-02 08:04:00,7.92,84.31,30.9,189,0.0,0,13.01
2024-12-02 08:05:00,7.93,84.31,31.66,189,0.045,0,13.04
2024-12-02 08:06:00,7.93,84.28,32.43,189,0.06,0,13.04
2024-12-02 08:07:00,7.96,84.19,32.81,189,0.03,0,13.04
2024-12-02 08:08:00,8.0,84.16,33.95,189,0.165,0,13.04
2024-12-02 08:09:00,7.99,84.11,34.33,189,0.015,0,13.08
2024-12-02 08:10:00,8.01,84.05,35.1,189,0.06,0,13.08
2024-12-02 08:11:00,7.99,84.05,35.86,189,0.15,0,13.08
2024-12-02 08:12:00,8.01,84.1,37.0,189,0.105,0,13.12
2024-12-02 08:13:00,8.01,84.06,37.38,189,0.06,0,13.12
2024-12-02 08:14:00,8.03,84.13,38.15,189,0.03,0,13.16
2024-12-02 08:15:00,8.07,84.18,38.91,189,0.06,0,13.16
2024-12-02 08:16:00,8.09,84.08,39.67,189,0.075,0,13.16
2024-12-02 08:17:00,8.11,84.11,40.05,189,0.12,0,13.16
2024-12-02 08:18:00,8.11,84.07,41.58,189,0.09,0,13.16
2024-12-02 08:19:00,8.16,84.13,42.34,185,0.255,0,13.16
2024-12-02 08:20:00,8.17,84.16,43.49,206,0.195,0,13.16
2024-12-02 08:21:00,8.26,84.16,44.63,181,0.195,0,13.16
2024-12-02 08:22:00,8.3,84.06,45.78,172,0.165,0,13.16
2024-12-02 08:23:00,8.36,83.9,46.92,162,0.15,0,13.16
2024-12-02 08:24:00,8.36,83.78,47.68,162,0.075,0,13.16
2024-12-02 08:25:00,8.4,83.68,48.83,162,0.03,0,13.16
2024-12-02 08:26:00,8.44,83.66,49.59,162,0.075,0,13.16
2024-12-02 08:27:00,8.47,83.67,50.35,162,0.15,0,13.16
2024-12-02 08:28:00,8.55,83.55,51.5,142,0.165,0,13.16
2024-12-02 08:29:00,8.59,83.4,52.26,151,0.24,0,13.16
2024-12-02 08:30:00,8.62,83.28,53.03,151,0.105,0,13.16
2024-12-02 08:31:00,8.69,83.14,53.41,151,0.135,0,13.46
2024-12-02 08:32:00,8.75,82.98,54.93,151,0.15,0,13.46
2024-12-02 08:33:00,8.79,82.82,56.08,151,0.0,0,13.46
2024-12-02 08:34:00,8.86,82.65,56.84,151,0.0,0,13.53
2024-12-02 08:35:00,8.89,82.49,58.37,151,0.015,0,13.53
2024-12-02 08:36:00,8.92,82.48,59.51,146,0.105,0,13.61
2024-12-02 08:37:00,8.98,82.38,60.27,141,0.3,0,13.61
2024-12-02 08:38:00,9.03,82.24,61.04,141,0.12,0,13.64
2024-12-02 08:39:00,9.08,82.12,61.42,147,0.135,0,13.64
2024-12-02 08:40:00,9.16,81.97,62.56,147,0.165,0,13.79
2024-12-02 08:41:00,9.2,81.82,62.94,147,0.045,0,13.79
2024-12-02 08:42:00,9.25,81.65,64.09,147,0.0,0,13.79
2024-12-02 08:43:00,9.29,81.39,65.23,147,0.0,0,13.79
2024-12-02 08:44:00,9.4,81.21,72.48,147,0.045,0,14.09
2024-12-02 08:45:00,9.43,81.11,91.94,147,0.03,0,14.51
2024-12-02 08:46:00,9.54,81.01,113.68,147,0.0,0,14.51
2024-12-02 08:47:00,9.6,80.83,132.37,147,0.0,0,14.51
2024-12-02 08:48:00,9.71,80.58,139.62,147,0.015,0,14.51
2024-12-02 08:49:00,9.84,80.27,143.05,147,0.0,0,14.51
2024-12-02 08:50:00,9.97,79.62,142.67,147,0.0,0,14.51
2024-12-02 08:51:00,10.06,79.05,147.63,257,0.165,0,14.51
2024-12-02 08:52:00,10.13,78.72,150.3,173,0.195,0,14.51
2024-12-02 08:53:00,10.28,78.49,150.3,174,0.045,0,14.51
2024-12-02 08:54:00,10.4,77.96,154.5,182,0.03,0,14.51
2024-12-02 08:55:00,10.5,77.46,156.02,186,0.15,0,14.51
2024-12-02 08:56:00,10.64,77.19,157.55,186,0.0,0,14.51
2024-12-02 08:57:00,10.74,76.54,159.08,186,0.135,0,14.51
2024-12-02 08:58:00,10.84,76.23,159.46,186,0.015,0,14.51
2024-12-02 08:59:00,10.95,75.96,159.08,186,0.0,0,14.51
2024-12-02 09:00:00,11.04,75.55,164.03,186,0.075,0,14.51
2024-12-02 09:01:00,11.15,75.16,164.8,186,0.15,0,14.51
2024-12-02 09:02:00,11.24,74.97,170.14,186,0.21,0,14.51
2024-12-02 09:03:00,11.31,74.53,172.05,186,0.075,0,14.51
2024-12-02 09:04:00,11.37,74.2,177.39,223,0.27,0,14.51
2024-12-02 09:05:00,11.38,74.11,180.44,219,0.15,0,14.51
2024-12-02 09:06:00,11.45,74.15,182.35,221,0.15,0,14.51
2024-12-02 09:07:00,11.49,74.02,186.92,221,0.09,0,14.51
2024-12-02 09:08:00,11.56,73.79,189.21,187,0.165,0,14.51
2024-12-02 09:09:00,11.65,73.61,190.36,177,0.015,0,14.51
2024-12-02 09:10:00,11.76,73.22,192.26,177,0.015,0,14.51
2024-12-02 09:11:00,11.85,72.7,194.17,168,0.165,0,14.51
2024-12-02 09:12:00,11.89,72.51,196.84,179,0.195,0,14.51
2024-12-02 09:13:00,11.94,72.4,198.75,181,0.195,0,14.51
2024-12-02 09:14:00,11.97,72.24,200.27,194,0.12,0,14.51
2024-12-02 09:15:00,11.99,71.86,200.66,191,0.135,0,14.51
2024-12-02 09:16:00,12.04,71.89,203.71,178,0.27,0,14.51
2024-12-02 09:17:00,12.1,71.73,207.14,178,0.09,0,14.51
2024-12-02 09:18:00,12.16,71.66,206.38,178,0.03,0,14.51
2024-12-02 09:19:00,12.21,71.68,209.05,178,0.015,0,14.51
2024-12-02 09:20:00,12.31,71.3,211.34,178,0.03,0,14.51
2024-12-02 09:21:00,12.37,70.97,215.15,187,0.21,0,14.51
2024-12-02 09:22:00,12.38,70.86,216.68,187,0.03,0,14.51
2024-12-02 09:23:00,12.43,70.79,219.35,187,0.0,0,14.51
2024-12-02 09:24:00,12.47,70.51,220.49,187,0.06,0,14.51
2024-12-02 09:25:00,12.5,70.31,223.16,187,0.15,0,14.51
2024-12-02 09:26:00,12.54,69.8,228.89,157,0.315,0,14.51
2024-12-02 09:27:00,12.59,69.94,230.03,153,0.255,0,14.51
2024-12-02 09:28:00,12.65,69.64,232.7,129,0.285,0,14.51
2024-12-02 09:29:00,12.71,69.68,234.61,129,0.045,0,14.51
2024-12-02 09:30:00,12.71,69.5,237.28,134,0.21,0,14.51
2024-12-02 09:31:00,12.75,69.35,242.24,169,0.33,0,14.51
2024-12-02 09:32:00,12.79,69.36,243.38,143,0.18,0,14.51
2024-12-02 09:33:00,12.86,69.09,247.2,255,0.285,0,14.51
2024-12-02 09:34:00,12.9,68.89,247.2,3,0.285,0,14.51
2024-12-02 09:35:00,12.96,68.72,252.16,258,0.48,0,14.51
2024-12-02 09:36:00,12.95,68.51,251.77,262,0.405,0,14.51
2024-12-02 09:37:00,12.96,68.51,254.06,152,0.315,0,14.51
2024-12-02 09:38:00,12.99,68.4,255.97,96,0.39,0,14.51
2024-12-02 09:39:00,13.03,68.52,261.69,210,0.495,0,14.51
2024-12-02 09:40:00,13.04,68.54,263.22,179,0.315,0,14.51
2024-12-02 09:41:00,13.04,68.54,264.36,133,0.405,0,14.51
2024-12-02 09:42:00,13.12,68.49,265.13,136,0.225,0,14.51
2024-12-02 09:43:00,13.18,68.59,265.89,136,0.06,0,14.51
2024-12-02 09:44:00,13.25,68.29,270.47,147,0.075,0,14.51
2024-12-02 09:45:00,13.29,67.92,273.9,245,0.15,0,14.51
2024-12-02 09:46:00,13.33,67.86,276.57,245,0.045,0,14.51
2024-12-02 09:47:00,13.36,67.77,278.86,330,0.285,0,14.51
2024-12-02 09:48:00,13.39,67.53,277.71,275,0.21,0,14.51
2024-12-02 09:49:00,13.46,67.3,277.71,149,0.39,0,14.51
2024-12-02 09:50:00,13.47,67.19,280.0,259,0.225,0,14.51
2024-12-02 09:51:00,13.51,67.27,286.87,259,0.06,0,14.51
2024-12-02 09:52:00,13.53,66.96,289.16,135,0.3,0,14.51
2024-12-02 09:53:00,13.58,67.05,289.54,246,0.345,0,14.51
2024-12-02 09:54:00,13.61,66.97,294.12,253,0.315,0,14.51
2024-12-02 09:55:00,13.71,66.97,292.21,158,0.12,0,14.51
2024-12-02 09:56:00,13.77,66.49,292.97,158,0.135,0,14.51
2024-12-02 09:57:00,13.81,66.04,295.64,180,0.435,0,14.51
2024-12-02 09:58:00,13.82,66.2,296.03,130,0.285,0,14.51
2024-12-02 09:59:00,13.88,66.08,297.17,153,0.12,0,14.51
2024-12-02 10:00:00,13.92,65.91,301.37,153,0.105,0,14.51
2024-12-02 10:01:00,14.02,65.59,304.04,153,0.015,0,14.51
2024-12-02 10:02:00,14.09,65.03,304.04,153,0.21,0,14.51
2024-12-02 10:03:00,14.15,65.02,307.85,286,0.255,0,14.51
2024-12-02 10:04:00,14.16,64.46,305.18,127,0.555,0,14.51
2024-12-02 10:05:00,14.18,64.63,307.85,127,0.45,0,14.51
2024-12-02 10:06:00,14.22,64.55,309.0,125,0.315,0,14.51
2024-12-02 10:07:00,14.26,64.51,310.14,287,0.225,0,14.51
2024-12-02 10:08:00,14.23,64.48,313.95,277,0.555,0,14.51
2024-12-02 10:09:00,14.25,64.68,315.48,155,0.345,0,14.51
2024-12-02 10:10:00,14.3,64.74,320.82,135,0.06,0,14.51
2024-12-02 10:11:00,14.36,64.55,322.35,144,0.18,0,14.51
2024-12-02 10:12:00,14.44,64.48,323.87,83,0.06,0,14.51
2024-12-02 10:13:00,14.47,64.06,326.54,218,0.18,0,14.51
2024-12-02 10:14:00,14.52,64.17,328.83,266,0.075,0,14.51
2024-12-02 10:15:00,14.58,63.78,330.74,269,0.27,0,14.51
2024-12-02 10:16:00,14.58,63.79,331.12,248,0.465,0,14.51
2024-12-02 10:17:00,14.56,63.84,336.84,259,0.075,0,14.51
2024-12-02 10:18:00,14.59,63.75,337.99,200,0.21,0,14.51
2024-12-02 10:19:00,14.64,63.78,332.27,231,0.195,0,14.51
2024-12-02 10:20:00,14.67,63.55,313.57,246,0.225,0,14.51
2024-12-02 10:21:00,14.7,63.19,321.2,266,0.6,0,14.51
2024-12-02 10:22:00,14.7,63.64,346.38,277,0.105,0,14.51
2024-12-02 10:23:00,14.7,63.4,346.0,65,0.375,0,14.51
2024-12-02 10:24:00,14.7,63.17,349.81,283,0.63,0,14.51
2024-12-02 10:25:00,14.69,63.75,354.01,336,0.24,0,14.51
2024-12-02 10:26:00,14.76,63.44,354.39,184,0.12,0,14.51
2024-12-02 10:27:00,14.81,63.2,353.25,254,0.33,0,14.51
2024-12-02 10:28:00,14.88,63.19,352.86,254,0.135,0,14.51
2024-12-02 10:29:00,14.94,63.09,357.44,152,0.075,0,14.51
2024-12-02 10:30:00,15.01,62.71,362.78,152,0.075,0,14.51
2024-12-02 10:31:00,15.05,62.39,365.45,271,0.285,0,14.51
2024-12-02 10:32:00,15.1,62.42,362.78,173,0.225,0,14.51
2024-12-02 10:33:00,15.15,62.3,368.12,256,0.15,0,14.51
2024-12-02 10:34:00,15.2,62.42,367.74,268,0.255,0,14.51
2024-12-02 10:35:00,15.2,62.09,368.89,315,0.495,0,14.51
2024-12-02 10:36:00,15.24,62.15,367.74,258,0.18,0,14.51
2024-12-02 10:37:00,15.24,61.92,371.56,258,0.075,0,14.51
2024-12-02 10:38:00,15.25,61.65,373.46,289,0.495,0,14.51
2024-12-02 10:39:00,15.25,62.24,378.81,289,0.33,0,14.51
2024-12-02 10:40:00,15.27,62.09,379.19,262,0.465,0,14.51
